Profile,Date,1:00 am,2:00 am,3:00 am,4:00 am,5:00 am,6:00 am,7:00 am,8:00 am,9:00 am,10:00 am,11:00 am,12:00 pm,1:00 pm,2:00 pm,3:00 pm,4:00 pm,5:00 pm,6:00 pm,7:00 pm,8:00 pm,9:00 pm,10:00 pm,11:00 pm,12:00 am
E1,01/01/2001,0.76145,0.65665,0.59425,0.5589,0.5349,0.55315,0.6141,0.68975,0.8135,0.8913,0.8605,0.88405,0.8961,0.8078,0.7638,0.7505,0.84325,1.07485,1.18395,1.1575,1.1121,1.0261,0.8327,0.6642
E1,01/02/2001,0.5545,0.52125,0.50305,0.4954,0.523,0.61045,0.7568,0.8417,0.82495,0.8036,0.74315,0.69175,0.6803,0.65875,0.63545,0.6617,0.7525,1.02385,1.1766,1.11765,1.0731,1.01525,0.83165,0.67135
E1,01/03/2001,0.57085,0.5237,0.5213,0.5199,0.5331,0.62995,0.82395,0.924,0.83245,0.7872,0.76145,0.7184,0.67855,0.6379,0.6383,0.65505,0.77625,1.0351,1.17815,1.1517,1.09615,1.00645,0.83105,0.6595
E1,01/04/2001,0.5785,0.52755,0.4911,0.49695,0.52555,0.6169,0.79285,0.91795,0.8425,0.75885,0.7204,0.66875,0.6218,0.61075,0.6139,0.60935,0.7317,0.99875,1.1096,1.07945,1.01225,0.9336,0.82325,0.66125
E1,01/05/2001,0.5726,0.5158,0.50365,0.50505,0.5283,0.63005,0.81845,0.8946,0.8396,0.80095,0.75865,0.72255,0.6715,0.64055,0.63235,0.6712,0.76795,0.9963,1.1196,1.0874,1.0155,0.9012,0.805,0.68235
E1,01/06/2001,0.5869,0.51445,0.50915,0.47835,0.5073,0.5476,0.6287,0.71605,0.8298,0.8815,0.85775,0.869,0.81285,0.78035,0.7397,0.71605,0.8261,1.05055,1.0924,1.11685,1.04185,0.92625,0.8425,0.73935
E1,01/07/2001,0.6086,0.5475,0.53035,0.4944,0.48305,0.5431,0.5998,0.71315,0.85555,0.9323,0.9346,0.9582,0.924,0.9123,0.87775,0.8589,0.9549,1.188,1.19405,1.18915,1.0792,0.96375,0.8239,0.64415
E1,01/08/2001,0.5186,0.4845,0.463,0.4492,0.4712,0.57375,0.742,0.8077,0.747,0.7553,0.74475,0.7218,0.6971,0.6977,0.6968,0.71965,0.819,1.0486,1.1484,1.1438,1.07465,0.9226,0.8192,0.68
E1,01/09/2001,0.5345,0.4919,0.48905,0.48445,0.4969,0.59615,0.7544,0.87605,0.7876,0.79315,0.73435,0.73685,0.7072,0.7121,0.71855,0.7691,0.84405,1.1046,1.1902,1.1478,1.0798,1.00365,0.8314,0.6698
E1,01/10/2001,0.5644,0.5115,0.48345,0.4698,0.4961,0.606,0.81425,0.85235,0.78775,0.7826,0.7471,0.74165,0.76405,0.72405,0.737,0.8091,0.8837,1.11925,1.18765,1.16485,1.0861,0.9784,0.82915,0.65185
E1,01/11/2001,0.5511,0.5066,0.49285,0.4825,0.4925,0.59805,0.76285,0.8697,0.78935,0.77665,0.79215,0.7825,0.7331,0.74235,0.76455,0.81245,0.9054,1.1156,1.208,1.14445,1.0551,0.97295,0.82235,0.68435
E1,01/12/2001,0.57685,0.5305,0.5046,0.4913,0.50625,0.60075,0.77725,0.85165,0.7965,0.77335,0.6986,0.67915,0.6955,0.6948,0.67515,0.67865,0.7688,0.98895,1.12025,1.08985,1.05415,0.9418,0.8187,0.70475
E1,01/13/2001,0.59075,0.54795,0.51165,0.4896,0.4951,0.5216,0.61815,0.71175,0.8331,0.86555,0.8854,0.82715,0.79215,0.76545,0.74885,0.77195,0.86125,1.11605,1.12415,1.0632,1.03365,0.92355,0.8342,0.7112
E1,01/14/2001,0.59125,0.55285,0.5016,0.46855,0.4793,0.5167,0.5702,0.6967,0.8536,0.88175,0.87175,0.9215,0.8561,0.81645,0.74245,0.73645,0.8459,1.06005,1.1147,1.1026,1.05895,0.9529,0.8456,0.71455
E1,01/15/2001,0.5944,0.539,0.5236,0.50485,0.5141,0.5865,0.6973,0.8084,0.93045,0.94725,0.9366,0.89975,0.8643,0.8304,0.8241,0.80305,0.8696,1.14465,1.2951,1.26905,1.1605,1.0484,0.868,0.68865
E1,01/16/2001,0.59705,0.54225,0.54245,0.52565,0.56055,0.66615,0.85885,0.9326,0.8264,0.79705,0.7085,0.6824,0.65935,0.66995,0.6502,0.63775,0.75695,1.0143,1.19135,1.19795,1.14105,1.0559,0.84745,0.7025
E1,01/17/2001,0.59255,0.5332,0.51545,0.5033,0.53385,0.67295,0.8841,0.9639,0.855,0.77785,0.711,0.67805,0.6214,0.58865,0.58575,0.63035,0.7139,0.9991,1.1287,1.1044,1.04855,0.9636,0.8667,0.68575
E1,01/18/2001,0.5976,0.5346,0.5346,0.5443,0.5619,0.6949,0.8906,0.9543,0.8559,0.77115,0.69435,0.6411,0.642,0.61855,0.6161,0.64665,0.77885,1.03555,1.158,1.1105,1.0998,0.98075,0.8254,0.65895
E1,01/19/2001,0.54425,0.49855,0.49075,0.49735,0.51375,0.57985,0.82665,0.93345,0.8306,0.76965,0.71485,0.6647,0.6587,0.629,0.6056,0.6047,0.7035,0.9204,1.0343,1.005,0.99635,0.8946,0.77365,0.6638
E1,01/20/2001,0.60235,0.5451,0.52125,0.48855,0.52325,0.5565,0.63105,0.767,0.8439,0.93165,0.8734,0.84525,0.8407,0.8103,0.7745,0.7616,0.8018,0.98705,1.0762,1.0541,1.0206,0.95055,0.83855,0.68125
E1,01/21/2001,0.59245,0.55645,0.51235,0.49625,0.4891,0.53855,0.6045,0.7614,0.8452,0.87905,0.8909,0.86665,0.87125,0.8052,0.7975,0.7854,0.8627,1.09205,1.1298,1.0822,1.0633,0.936,0.82495,0.6466
E1,01/22/2001,0.55865,0.49965,0.49235,0.47945,0.47995,0.58665,0.78945,0.88305,0.78965,0.77545,0.73855,0.63295,0.61255,0.58635,0.562,0.605,0.69975,0.95505,1.0717,1.0572,1.02095,0.92845,0.7814,0.6093
E1,01/23/2001,0.4986,0.47725,0.47205,0.47265,0.46525,0.55605,0.77345,0.8676,0.75095,0.72605,0.6517,0.66505,0.67165,0.6608,0.6669,0.735,0.8424,1.04895,1.1324,1.0896,1.06465,0.95595,0.8079,0.60325
E1,01/24/2001,0.51415,0.4771,0.46325,0.45085,0.4686,0.5477,0.7548,0.85805,0.8012,0.76715,0.7121,0.65205,0.62935,0.62965,0.63315,0.65595,0.71325,0.9906,1.11795,1.08785,1.04695,0.9512,0.79325,0.6375
E1,01/25/2001,0.55855,0.5144,0.49515,0.49,0.5003,0.60035,0.79775,0.90565,0.80615,0.7382,0.69515,0.6974,0.68215,0.7336,0.71725,0.7757,0.8551,1.04725,1.1969,1.15755,1.09095,1.00965,0.8551,0.68485
E1,01/26/2001,0.58935,0.538,0.5173,0.5213,0.51065,0.6067,0.794,0.86335,0.78395,0.73845,0.7204,0.7126,0.67695,0.63015,0.6889,0.68305,0.7364,0.95985,1.09895,1.05085,0.99405,0.9208,0.8091,0.72125
E1,01/27/2001,0.61835,0.5607,0.5352,0.5197,0.51995,0.5435,0.63045,0.76295,0.8461,0.90475,0.8267,0.82535,0.8352,0.79605,0.77185,0.73275,0.7827,0.9631,1.10425,1.00425,0.9772,0.90605,0.8079,0.71375
E1,01/28/2001,0.63625,0.5688,0.5434,0.52535,0.51105,0.5431,0.59765,0.73155,0.8388,0.90045,0.8958,0.901,0.83775,0.8041,0.77655,0.81915,0.8471,0.97515,1.09475,1.1001,1.0474,0.9562,0.8161,0.70445
E1,01/29/2001,0.552,0.4978,0.48495,0.48295,0.4953,0.5812,0.7974,0.87235,0.81015,0.7424,0.68795,0.6652,0.64515,0.69125,0.64955,0.66705,0.7251,0.9568,1.15975,1.1324,1.07555,0.9778,0.81545,0.66065
E1,01/30/2001,0.54585,0.5124,0.51035,0.496,0.5234,0.63835,0.83235,0.92145,0.8033,0.6996,0.65885,0.6535,0.6317,0.6184,0.61105,0.646,0.7199,0.98955,1.1562,1.1035,1.068,0.9927,0.84755,0.6857
E1,01/31/2001,0.5987,0.53225,0.5266,0.5161,0.54175,0.66095,0.8359,0.9041,0.8182,0.7371,0.6926,0.68245,0.6451,0.63255,0.59065,0.5921,0.66265,0.9046,1.07895,1.10305,1.0467,0.9572,0.83305,0.66255
E1,02/01/2001,0.5543,0.5109,0.4969,0.5071,0.51495,0.60095,0.86185,0.94675,0.83575,0.75435,0.6933,0.6379,0.6137,0.60775,0.60395,0.61635,0.69675,0.93805,1.07135,1.08115,1.0417,0.95015,0.83585,0.65715
E1,02/02/2001,0.54495,0.5022,0.4985,0.4973,0.50715,0.6088,0.78255,0.86335,0.80555,0.7277,0.6804,0.70125,0.64325,0.6076,0.56215,0.58825,0.6607,0.80985,0.9876,0.96455,0.98875,0.87885,0.75735,0.6484
E1,02/03/2001,0.57555,0.5217,0.50345,0.4998,0.48685,0.51305,0.59115,0.7594,0.8154,0.7918,0.73975,0.7326,0.7287,0.6497,0.6614,0.62205,0.66505,0.8292,0.93455,0.93315,0.8976,0.8236,0.74635,0.6344
E1,02/04/2001,0.52405,0.4756,0.45905,0.43645,0.43145,0.4461,0.5072,0.62435,0.7309,0.80675,0.7974,0.7349,0.7087,0.6769,0.67655,0.69005,0.72575,0.89675,1.03805,1.00355,0.96885,0.8762,0.738,0.5901
E1,02/05/2001,0.4862,0.43255,0.42815,0.4277,0.43375,0.52605,0.70925,0.78395,0.73135,0.687,0.65075,0.6228,0.60665,0.5753,0.5649,0.57485,0.6223,0.83305,1.06475,1.02755,0.97085,0.85595,0.705,0.5902
E1,02/06/2001,0.5016,0.45795,0.46075,0.43375,0.45725,0.54435,0.7404,0.81445,0.75925,0.68585,0.6537,0.64465,0.6262,0.58235,0.59215,0.5989,0.68415,0.92,1.11425,1.10625,1.0365,0.9657,0.79695,0.6579
E1,02/07/2001,0.54945,0.51685,0.5028,0.496,0.5016,0.613,0.82995,0.89505,0.7684,0.6987,0.7067,0.69115,0.64205,0.64015,0.61025,0.64575,0.7134,0.92715,1.11815,1.1253,1.0859,0.96555,0.8179,0.625
E1,02/08/2001,0.54385,0.50875,0.5002,0.5052,0.52135,0.65025,0.841,0.91535,0.78895,0.73575,0.68765,0.6224,0.5921,0.5607,0.5871,0.59395,0.71745,0.9274,1.0921,1.0788,1.0236,0.95145,0.8078,0.6574
E1,02/09/2001,0.5363,0.49525,0.47565,0.47355,0.4874,0.58395,0.7761,0.8624,0.78,0.75765,0.7605,0.73535,0.72285,0.70625,0.717,0.75635,0.8026,0.9889,1.1369,1.05715,0.98945,0.91685,0.7966,0.66795
E1,02/10/2001,0.57715,0.51795,0.51355,0.49495,0.4867,0.53405,0.62205,0.75615,0.86675,0.89,0.928,0.9202,0.91805,0.85075,0.79465,0.7374,0.7959,0.9691,1.1115,1.04735,0.98805,0.9139,0.8214,0.7175
E1,02/11/2001,0.6034,0.53845,0.5016,0.488,0.4874,0.5243,0.59915,0.7123,0.85195,0.8893,0.90375,0.87215,0.88645,0.84575,0.80985,0.8099,0.89065,1.07735,1.24795,1.18905,1.09355,0.9923,0.8584,0.70455
E1,02/12/2001,0.5752,0.5134,0.4952,0.49975,0.51395,0.59255,0.7581,0.8767,0.94225,0.879,0.8596,0.8331,0.7896,0.76625,0.7499,0.7538,0.81175,1.0552,1.18565,1.14895,1.1395,1.0188,0.8592,0.68065
E1,02/13/2001,0.58445,0.54035,0.52895,0.50975,0.5373,0.62355,0.84075,0.9084,0.7812,0.738,0.70645,0.6732,0.6519,0.6175,0.621,0.6614,0.7032,0.91345,1.0845,1.10525,1.046,0.979,0.8436,0.67275
E1,02/14/2001,0.56595,0.52235,0.50275,0.5005,0.50055,0.60805,0.8164,0.8993,0.80795,0.7194,0.62955,0.61045,0.6041,0.6118,0.57525,0.6007,0.66345,0.8439,0.9993,0.99915,1.0155,0.95605,0.8385,0.6732
E1,02/15/2001,0.55155,0.49615,0.47245,0.48155,0.5117,0.6212,0.7915,0.87415,0.7598,0.70345,0.67495,0.6181,0.6021,0.596,0.5914,0.60905,0.6841,0.8697,1.0519,1.04455,1.01605,0.9415,0.8224,0.64875
E1,02/16/2001,0.53245,0.49255,0.47105,0.46735,0.4862,0.58095,0.7748,0.78695,0.7375,0.6894,0.6873,0.659,0.6487,0.62725,0.59395,0.62295,0.65125,0.8311,1.02565,1.016,0.9618,0.90365,0.77795,0.64945
E1,02/17/2001,0.5437,0.50565,0.4721,0.465,0.44955,0.5088,0.5862,0.6846,0.75785,0.8766,0.8585,0.84395,0.8514,0.80685,0.78425,0.7747,0.87235,0.96765,1.0261,0.98125,0.93115,0.85295,0.7454,0.6413
E1,02/18/2001,0.5688,0.4815,0.4556,0.4388,0.44795,0.46805,0.51185,0.63605,0.75585,0.84665,0.8379,0.8297,0.81575,0.74385,0.74935,0.76175,0.7942,0.921,1.0328,0.9823,0.92245,0.8609,0.7741,0.64795
E1,02/19/2001,0.5342,0.49225,0.45985,0.4465,0.4594,0.4994,0.56235,0.67895,0.7493,0.79585,0.8211,0.8402,0.81495,0.76355,0.758,0.8287,0.9256,1.04285,1.1528,1.10735,1.0792,0.95465,0.80695,0.63655
E1,02/20/2001,0.53135,0.48335,0.46215,0.44615,0.4618,0.5477,0.705,0.8175,0.73235,0.69135,0.6751,0.70395,0.6607,0.61395,0.595,0.67425,0.7088,0.9315,1.10545,1.10265,0.99865,0.9276,0.8191,0.6371
E1,02/21/2001,0.523,0.4715,0.46295,0.46825,0.47515,0.56115,0.72695,0.7973,0.73855,0.70705,0.6856,0.66745,0.63585,0.5779,0.58005,0.6192,0.7096,0.88045,1.05175,1.03975,1.01505,0.92315,0.795,0.6479
E1,02/22/2001,0.49905,0.48335,0.4599,0.45325,0.47375,0.56655,0.72665,0.80575,0.7949,0.7299,0.7167,0.66785,0.6403,0.63545,0.6161,0.6364,0.7219,0.91695,1.08905,1.07585,1.00715,0.95155,0.8149,0.6764
E1,02/23/2001,0.56465,0.50145,0.485,0.4775,0.5004,0.57905,0.7733,0.8599,0.77585,0.76995,0.744,0.6887,0.6481,0.61895,0.61635,0.6335,0.6434,0.87105,1.0003,0.99045,0.9653,0.9011,0.8132,0.6758
E1,02/24/2001,0.57355,0.52375,0.50525,0.4754,0.47875,0.5117,0.5786,0.7226,0.87655,0.92065,0.93845,0.94755,0.9209,0.88995,0.88915,0.8437,0.93,1.03415,1.1219,1.0481,0.9484,0.91095,0.8465,0.7141
E1,02/25/2001,0.596,0.5332,0.51045,0.4776,0.4745,0.50715,0.56605,0.6981,0.80145,0.831,0.82745,0.8368,0.82575,0.8022,0.77275,0.7691,0.81525,0.92635,1.09715,1.11325,1.0484,0.9339,0.8036,0.63555
E1,02/26/2001,0.53155,0.47425,0.45725,0.4513,0.47345,0.5559,0.72115,0.7943,0.72775,0.67375,0.65825,0.65385,0.6408,0.6021,0.60505,0.62995,0.69065,0.8577,1.0373,1.0478,1.0115,0.9193,0.7718,0.59735
E1,02/27/2001,0.49955,0.4529,0.44255,0.45385,0.4535,0.56335,0.7629,0.833,0.70595,0.6451,0.60865,0.58925,0.55795,0.51995,0.52565,0.55325,0.6194,0.7563,0.94125,0.98165,0.97285,0.8699,0.73235,0.5645
E1,02/28/2001,0.47735,0.45325,0.4319,0.44145,0.44205,0.55245,0.73305,0.7923,0.66635,0.6236,0.60025,0.5984,0.5966,0.56475,0.55385,0.6116,0.61555,0.8274,0.9929,0.9736,0.98135,0.87675,0.7577,0.6208
E1,03/01/2001,0.5224,0.46215,0.4716,0.46225,0.4816,0.5933,0.78315,0.8383,0.7456,0.647,0.61755,0.58995,0.56165,0.56115,0.54075,0.57875,0.70435,0.84625,0.99525,1.0136,0.99005,0.9134,0.76285,0.60435
E1,03/02/2001,0.50095,0.47115,0.4566,0.45215,0.4643,0.5573,0.7286,0.7977,0.7322,0.7018,0.66395,0.66975,0.6444,0.6276,0.63065,0.6294,0.67295,0.7905,0.9589,0.97525,0.96565,0.8916,0.7771,0.6659
E1,03/03/2001,0.6044,0.5312,0.5126,0.4953,0.4937,0.5154,0.6,0.73735,0.85255,0.8212,0.84335,0.7994,0.74685,0.7496,0.7177,0.75895,0.8065,0.92825,1.0351,0.9983,0.95375,0.8827,0.81155,0.66725
E1,03/04/2001,0.58375,0.50855,0.49135,0.46535,0.45025,0.47855,0.5363,0.6494,0.8026,0.8671,0.9053,0.94765,0.9168,0.88895,0.8628,0.87655,0.9575,1.0891,1.14445,1.10185,1.04245,0.94765,0.8186,0.64675
E1,03/05/2001,0.52075,0.47055,0.45755,0.45795,0.45985,0.53475,0.70185,0.81905,0.72635,0.6935,0.66425,0.67375,0.66555,0.66555,0.63975,0.69325,0.7519,0.92865,1.1056,1.0367,1.01225,0.93775,0.7822,0.61
E1,03/06/2001,0.5251,0.45845,0.4524,0.4388,0.44025,0.52925,0.7095,0.77325,0.6849,0.6566,0.62655,0.59635,0.6092,0.5869,0.54475,0.57665,0.65365,0.8185,0.98675,1.00055,0.97475,0.9117,0.7268,0.6022
E1,03/07/2001,0.4924,0.45015,0.4404,0.4314,0.44045,0.5312,0.6952,0.76035,0.65325,0.61235,0.59,0.57875,0.5727,0.56175,0.5368,0.5742,0.6243,0.7322,0.93085,0.97695,0.9553,0.86275,0.73785,0.5766
E1,03/08/2001,0.4742,0.4234,0.4175,0.4083,0.42405,0.5175,0.68215,0.7531,0.65655,0.63215,0.608,0.6056,0.59485,0.5764,0.53195,0.56885,0.6314,0.77885,0.9875,1.02655,0.9518,0.88315,0.7675,0.6097
E1,03/09/2001,0.5209,0.46625,0.4587,0.4399,0.45395,0.52925,0.75225,0.7762,0.69625,0.68545,0.67435,0.6495,0.60305,0.59605,0.5597,0.6238,0.6461,0.7382,0.9305,0.99395,0.9422,0.84995,0.7473,0.64245
E1,03/10/2001,0.52485,0.48015,0.4798,0.46955,0.4674,0.5047,0.55665,0.6699,0.7556,0.78865,0.77155,0.7705,0.74295,0.6885,0.65425,0.62545,0.6768,0.7486,0.9388,0.9331,0.9201,0.82785,0.74375,0.6451
E1,03/11/2001,0.5328,0.47305,0.44945,0.43695,0.45065,0.4759,0.54025,0.6381,0.76415,0.79225,0.76475,0.7912,0.7346,0.7199,0.68205,0.68595,0.7174,0.822,0.9975,1.0553,1.00055,0.89165,0.7397,0.5855
E1,03/12/2001,0.476,0.4201,0.4137,0.4033,0.4301,0.54085,0.74375,0.76545,0.6659,0.62755,0.56045,0.56565,0.5828,0.5601,0.54375,0.5631,0.5897,0.6963,0.92015,0.9568,0.9191,0.8552,0.7185,0.53965
E1,03/13/2001,0.4727,0.43655,0.42305,0.4134,0.4242,0.50255,0.71005,0.7638,0.62165,0.58435,0.56915,0.54405,0.53345,0.49605,0.51535,0.5632,0.6077,0.7389,0.91945,0.97225,0.93285,0.8377,0.73195,0.57825
E1,03/14/2001,0.4715,0.41755,0.40005,0.3948,0.4194,0.50885,0.74585,0.7564,0.6743,0.639,0.57985,0.57175,0.566,0.5446,0.53805,0.53735,0.60505,0.7392,0.89975,0.9812,0.9387,0.8522,0.7035,0.58945
E1,03/15/2001,0.48165,0.42975,0.40865,0.40765,0.41655,0.50355,0.6671,0.72075,0.6727,0.64195,0.5956,0.59945,0.6062,0.5522,0.5644,0.5668,0.64185,0.77305,0.9402,0.9775,0.9485,0.8692,0.7228,0.5759
E1,03/16/2001,0.48505,0.44235,0.4221,0.42835,0.43455,0.5083,0.7145,0.73265,0.6831,0.6399,0.60615,0.5952,0.5747,0.5472,0.5328,0.5283,0.5962,0.71495,0.8563,0.90075,0.90275,0.8466,0.7286,0.6066
E1,03/17/2001,0.51565,0.4614,0.4161,0.415,0.408,0.4431,0.5424,0.6668,0.7261,0.74235,0.7557,0.73015,0.71065,0.6722,0.6677,0.625,0.69895,0.77225,0.8878,0.90855,0.8791,0.8322,0.7214,0.60325
E1,03/18/2001,0.5237,0.4524,0.43805,0.4072,0.40295,0.4217,0.4781,0.5925,0.6795,0.71615,0.712,0.6838,0.69545,0.67205,0.6636,0.6682,0.68625,0.7959,0.9488,1.0611,0.9789,0.87895,0.6937,0.55665
E1,03/19/2001,0.4536,0.40335,0.40195,0.3876,0.39545,0.47605,0.58895,0.6435,0.5943,0.58775,0.59885,0.5983,0.5309,0.53665,0.5523,0.565,0.66085,0.7279,0.90115,0.9583,0.91235,0.82495,0.7103,0.5493
E1,03/20/2001,0.46125,0.41815,0.39065,0.38625,0.3914,0.4696,0.5909,0.62555,0.58795,0.55085,0.5157,0.55985,0.54085,0.5425,0.5482,0.5848,0.6302,0.7217,0.91535,0.95175,0.91425,0.80785,0.68435,0.55755
E1,03/21/2001,0.4556,0.399,0.3916,0.3826,0.38615,0.453,0.6078,0.6305,0.61355,0.57115,0.57275,0.56495,0.57475,0.55475,0.56505,0.59425,0.63835,0.75425,0.92405,0.97785,0.93225,0.81165,0.68495,0.54265
E1,03/22/2001,0.446,0.4212,0.3891,0.3925,0.3912,0.4652,0.645,0.65725,0.6181,0.61205,0.6118,0.58065,0.5424,0.52125,0.50035,0.54595,0.5944,0.725,0.8918,0.92565,0.89,0.79865,0.66485,0.5344
E1,03/23/2001,0.44525,0.4104,0.37835,0.3776,0.3898,0.46135,0.60925,0.65855,0.6501,0.61475,0.6187,0.5722,0.56465,0.55115,0.52065,0.5451,0.58105,0.67395,0.81185,0.8877,0.82735,0.77765,0.66335,0.54875
E1,03/24/2001,0.479,0.42365,0.39535,0.3891,0.3768,0.40605,0.49895,0.54825,0.6398,0.6778,0.6832,0.68495,0.68315,0.6306,0.63485,0.67185,0.6923,0.77675,0.86175,0.91045,0.84095,0.76465,0.68035,0.5614
E1,03/25/2001,0.4856,0.41715,0.3916,0.38175,0.3735,0.3988,0.45895,0.56485,0.66725,0.6847,0.70815,0.6906,0.71565,0.6781,0.68235,0.67765,0.7245,0.8208,0.92765,0.97455,0.89195,0.82145,0.7001,0.56385
E1,03/26/2001,0.45955,0.4092,0.3964,0.37725,0.3911,0.4949,0.6356,0.6766,0.5962,0.54405,0.54395,0.5477,0.5541,0.5773,0.564,0.56235,0.60995,0.74125,0.8607,0.95545,0.8896,0.8181,0.67565,0.53875
E1,03/27/2001,0.4449,0.403,0.3942,0.39165,0.3956,0.4669,0.62805,0.64935,0.5743,0.55025,0.54125,0.551,0.54635,0.53505,0.53215,0.5361,0.60005,0.7493,0.90185,0.9449,0.86905,0.76915,0.64515,0.5355
E1,03/28/2001,0.42915,0.3979,0.38315,0.37635,0.3799,0.4676,0.58885,0.6282,0.5884,0.58115,0.5736,0.56595,0.5465,0.51505,0.51135,0.5538,0.60655,0.67995,0.82485,0.8822,0.8866,0.7922,0.67805,0.55175
E1,03/29/2001,0.46435,0.40515,0.3907,0.37405,0.38975,0.4637,0.5943,0.6377,0.6245,0.59835,0.5328,0.5233,0.51745,0.5132,0.49805,0.54445,0.604,0.66455,0.81905,0.8892,0.86255,0.79105,0.6637,0.52425
E1,03/30/2001,0.4442,0.3943,0.37815,0.37175,0.37895,0.4434,0.5694,0.6432,0.60405,0.57825,0.5856,0.57735,0.55205,0.53865,0.53515,0.55415,0.58175,0.6607,0.78965,0.85305,0.8292,0.7814,0.67145,0.5531
E1,03/31/2001,0.4545,0.41415,0.38155,0.38315,0.3778,0.40095,0.43885,0.53285,0.6154,0.65515,0.6648,0.6731,0.6385,0.6592,0.66075,0.6691,0.68805,0.7459,0.81975,0.8782,0.84995,0.7695,0.6826,0.57625
E1,04/01/2001,0.50335,0.45435,.,0.4265,0.39795,0.40405,0.4169,0.48225,0.58195,0.62185,0.68415,0.66875,0.69995,0.66215,0.6363,0.65445,0.6754,0.7487,0.78815,0.8572,0.96945,0.8997,0.77625,0.557
E1,04/02/2001,0.4487,0.40765,0.39345,0.386,0.4026,0.4639,0.6013,0.6607,0.6176,0.60725,0.58555,0.59075,0.5728,0.57995,0.55855,0.5822,0.60525,0.67625,0.78185,0.8577,0.9267,0.85875,0.74635,0.59185
E1,04/03/2001,0.4891,0.4313,0.4171,0.41655,0.4136,0.4975,0.6956,0.74255,0.64755,0.6109,0.5437,0.5685,0.57035,0.5319,0.5017,0.53375,0.6036,0.6932,0.7849,0.9056,0.9821,0.93675,0.7691,0.58785
E1,04/04/2001,0.4841,0.4326,0.42325,0.43015,0.43575,0.50655,0.6568,0.74625,0.69685,0.6165,0.5909,0.5691,0.55825,0.5382,0.5402,0.5534,0.5873,0.6523,0.73865,0.85285,0.90785,0.8494,0.73595,0.597
E1,04/05/2001,0.4675,0.4376,0.424,0.42945,0.4394,0.518,0.68805,0.74495,0.65025,0.6123,0.5912,0.54535,0.5394,0.5229,0.5205,0.55,0.5709,0.6544,0.74815,0.81755,0.9217,0.86715,0.7242,0.55855
E1,04/06/2001,0.46035,0.42225,0.39745,0.40185,0.41665,0.4996,0.6481,0.72355,0.66035,0.6793,0.669,0.62715,0.6172,0.6098,0.64655,0.6208,0.69855,0.7767,0.8198,0.89005,0.88465,0.84185,0.7489,0.61775
E1,04/07/2001,0.5225,0.4613,0.4531,0.43145,0.44,0.4645,0.52685,0.62665,0.71545,0.7794,0.79595,0.80355,0.78245,0.74945,0.70745,0.6705,0.6873,0.7031,0.76395,0.85705,0.85,0.86365,0.79995,0.66085
E1,04/08/2001,0.55815,0.50175,0.4702,0.45335,0.44535,0.46375,0.5582,0.6754,0.73365,0.78475,0.833,0.8178,0.77245,0.7469,0.7279,0.71935,0.72085,0.82415,0.85505,0.89385,0.94205,0.9035,0.7755,0.6565
E1,04/09/2001,0.5524,0.4937,0.44995,0.4355,0.44415,0.51515,0.6581,0.7348,0.68415,0.6756,0.65435,0.6739,0.65345,0.60455,0.5971,0.6255,0.64255,0.72125,0.80895,0.8762,0.9516,0.8908,0.7332,0.5761
E1,04/10/2001,0.48605,0.43825,0.41935,0.4297,0.44975,0.5242,0.6798,0.74595,0.6615,0.6396,0.62045,0.60605,0.58475,0.56535,0.5321,0.52925,0.58545,0.67415,0.7537,0.8586,0.90995,0.86635,0.75395,0.5909
E1,04/11/2001,0.4888,0.43955,0.40675,0.39715,0.42685,0.4834,0.62575,0.7109,0.66735,0.67515,0.65085,0.64735,0.65195,0.57155,0.586,0.62325,0.667,0.7334,0.7618,0.87625,0.9465,0.87765,0.75375,0.60425
E1,04/12/2001,0.4924,0.43145,0.41885,0.42075,0.4308,0.5146,0.67865,0.705,0.66805,0.6181,0.6035,0.5757,0.55715,0.5383,0.5237,0.52955,0.5754,0.648,0.69105,0.7456,0.8645,0.8583,0.7188,0.59315
E1,04/13/2001,0.4901,0.4471,0.41895,0.4128,0.4219,0.4915,0.61845,0.66085,0.67565,0.67225,0.6839,0.65215,0.5809,0.5987,0.57945,0.5786,0.60215,0.64795,0.7136,0.76775,0.8431,0.84285,0.765,0.63465
E1,04/14/2001,0.51805,0.47205,0.44325,0.42665,0.4314,0.4559,0.5568,0.6275,0.75125,0.7947,0.7767,0.74045,0.72,0.6634,0.6704,0.65875,0.64995,0.7323,0.74705,0.82915,0.8871,0.86255,0.7577,0.6356
E1,04/15/2001,0.53395,0.45895,0.41965,0.412,0.41435,0.43885,0.51205,0.62495,0.7266,0.76645,0.79815,0.7491,0.73125,0.7055,0.6576,0.64175,0.627,0.6752,0.74645,0.78885,0.85275,0.83745,0.707,0.58745
E1,04/16/2001,0.4754,0.42045,0.40295,0.3891,0.401,0.48355,0.615,0.6887,0.6562,0.66055,0.6563,0.61575,0.62865,0.5777,0.55605,0.54815,0.57725,0.6612,0.71615,0.80535,0.89995,0.84515,0.71645,0.55645
E1,04/17/2001,0.458,0.40905,0.38165,0.38255,0.3855,0.4514,0.56115,0.6182,0.6095,0.60725,0.59505,0.5775,0.5891,0.53775,0.5485,0.5687,0.5813,0.638,0.71485,0.8125,0.8941,0.84115,0.7031,0.55825
E1,04/18/2001,0.47005,0.4172,0.3943,0.3867,0.402,0.46765,0.5937,0.60675,0.5773,0.5949,0.5727,0.56295,0.54065,0.5238,0.53915,0.5751,0.62435,0.69575,0.77385,0.87295,0.84835,0.81985,0.69795,0.553
E1,04/19/2001,0.4413,0.40695,0.4007,0.3939,0.40155,0.46755,0.58245,0.66065,0.59875,0.6275,0.61295,0.58545,0.5821,0.56355,0.56305,0.5798,0.61955,0.69755,0.75355,0.82875,0.85365,0.8471,0.70445,0.578
E1,04/20/2001,0.47595,0.4335,0.3986,0.39765,0.40675,0.4689,0.6098,0.67205,0.6742,0.68975,0.7047,0.6696,0.6848,0.64225,0.61845,0.65245,0.72345,0.8166,0.826,0.8514,0.8787,0.84975,0.7195,0.6218
E1,04/21/2001,0.516,0.47495,0.44695,0.43495,0.42785,0.4441,0.5361,0.61705,0.7275,0.7692,0.78405,0.7353,0.6864,0.64155,0.6413,0.6311,0.66665,0.7158,0.73655,0.7857,0.8629,0.8273,0.70195,0.6024
E1,04/22/2001,0.50925,0.44795,0.4188,0.4052,0.4006,0.42895,0.49095,0.5749,0.65235,0.70515,0.73175,0.707,0.69045,0.6528,0.6388,0.6262,0.67545,0.7261,0.77965,0.84045,0.9303,0.91375,0.72545,0.58795
E1,04/23/2001,0.48575,0.43065,0.39705,0.38395,0.3878,0.48195,0.6298,0.66435,0.59905,0.5769,0.58175,0.5923,0.5741,0.53265,0.53075,0.5699,0.5945,0.659,0.7251,0.7932,0.90785,0.86115,0.6847,0.5552
E1,04/24/2001,0.4586,0.4093,0.375,0.36815,0.37825,0.4519,0.57865,0.6426,0.54445,0.5289,0.51415,0.51605,0.5147,0.5304,0.5266,0.55745,0.6419,0.71785,0.76805,0.80655,0.92875,0.8836,0.70955,0.57985
E1,04/25/2001,0.4608,0.4043,0.3856,0.37715,0.39,0.4625,0.5679,0.61785,0.5788,0.57605,0.5714,0.549,0.54885,0.5853,0.57215,0.61265,0.67315,0.74925,0.818,0.82905,0.91395,0.89655,0.7348,0.605
E1,04/26/2001,0.4886,0.43195,0.40385,0.39735,0.40195,0.4683,0.6034,0.62965,0.62325,0.59615,0.58555,0.5758,0.57385,0.57855,0.56625,0.5902,0.6716,0.74845,0.7827,0.8236,0.9065,0.8715,0.72995,0.5763
E1,04/27/2001,0.4732,0.42865,0.394,0.3884,0.4106,0.4697,0.5644,0.6407,0.6095,0.596,0.60205,0.5851,0.5673,0.53485,0.53955,0.54165,0.58535,0.64175,0.72305,0.75565,0.86065,0.82635,0.7048,0.5819
E1,04/28/2001,0.48855,0.43045,0.3966,0.3867,0.38605,0.4079,0.46015,0.5466,0.63545,0.73785,0.71555,0.663,0.6688,0.6439,0.6263,0.6203,0.6316,0.70565,0.72885,0.79965,0.87345,0.8472,0.70465,0.58905
E1,04/29/2001,0.4881,0.4497,0.4126,0.3916,0.3986,0.40785,0.4676,0.53485,0.63205,0.6901,0.74195,0.7286,0.71375,0.68065,0.61645,0.6347,0.6792,0.72295,0.77425,0.80035,0.89275,0.84655,0.71605,0.56215
E1,04/30/2001,0.4687,0.411,0.3856,0.3804,0.378,0.449,0.55735,0.62295,0.56645,0.54375,0.54835,0.5564,0.5686,0.52955,0.5524,0.546,0.603,0.68335,0.76015,0.78475,0.88665,0.84115,0.7344,0.59025
E1,05/01/2001,0.46205,0.42135,0.3921,0.383,0.3975,0.4594,0.5726,0.5993,0.56415,0.57485,0.5342,0.52575,0.53455,0.526,0.53335,0.57625,0.615,0.7205,0.7417,0.74965,0.86465,0.8545,0.70775,0.58075
E1,05/02/2001,0.46835,0.4179,0.39525,0.4025,0.3971,0.4702,0.57665,0.62045,0.5747,0.5489,0.54345,0.55515,0.5344,0.5263,0.5116,0.5481,0.5924,0.6594,0.70895,0.74565,0.8479,0.80715,0.6714,0.54045
E1,05/03/2001,0.4337,0.39395,0.3811,0.371,0.38085,0.4342,0.58095,0.58295,0.56545,0.56265,0.57035,0.5499,0.52895,0.52,0.53005,0.5542,0.58075,0.6674,0.70655,0.7506,0.84135,0.8335,0.71405,0.5597
E1,05/04/2001,0.4832,0.4366,0.38575,0.37095,0.38715,0.4536,0.5818,0.58715,0.57825,0.5929,0.56705,0.5985,0.5738,0.57305,0.5637,0.6179,0.65175,0.6906,0.74665,0.73245,0.8404,0.83215,0.75025,0.60275
E1,05/05/2001,0.50045,0.4467,0.39905,0.37785,0.38445,0.41185,0.46555,0.543,0.6308,0.6714,0.6601,0.65365,0.6428,0.6414,0.67565,0.691,0.72075,0.75425,0.79175,0.7839,0.85765,0.8494,0.7345,0.61275
E1,05/06/2001,0.54785,0.4607,0.4149,0.38955,0.3849,0.39045,0.44505,0.53355,0.61455,0.6506,0.68545,0.7171,0.70175,0.7127,0.7255,0.78525,0.8366,0.86695,0.9134,0.9017,0.95515,0.93515,0.7783,0.6242
E1,05/07/2001,0.51455,0.45685,0.4197,0.40055,0.4082,0.4861,0.60215,0.6384,0.6295,0.62185,0.6318,0.61385,0.63205,0.65025,0.7021,0.76755,0.9107,1.03025,1.0239,1.0262,1.0778,1.0262,0.8666,0.70205
E1,05/08/2001,0.55555,0.48085,0.45055,0.4368,0.43295,0.4976,0.59405,0.67005,0.62765,0.61975,0.63345,0.6596,0.67905,0.7177,0.79435,0.868,1.0088,1.1327,1.1867,1.0997,1.107,1.08015,0.8874,0.7015
E1,05/09/2001,0.55125,0.5089,0.46035,0.4306,0.42815,0.48025,0.59885,0.6486,0.5947,0.60125,0.62345,0.6587,0.7126,0.74005,0.7858,0.8636,0.99705,1.04615,1.09285,1.0145,1.04705,0.9898,0.81755,0.62965
E1,05/10/2001,0.5171,0.45585,0.41735,0.41025,0.4149,0.4731,0.5958,0.63585,0.5913,0.60435,0.61095,0.60535,0.63245,0.64995,0.7146,0.83955,0.94245,1.00245,1.0459,0.9934,1.02715,1.0243,0.87555,0.6887
E1,05/11/2001,0.56445,0.49825,0.4543,0.4308,0.43065,0.48815,0.6001,0.6386,0.5849,0.57175,0.59565,0.63905,0.68285,0.69645,0.7214,0.804,0.8969,0.973,0.9914,0.92155,0.9805,0.94585,0.78965,0.6652
E1,05/12/2001,0.54305,0.4902,0.44415,0.4102,0.41095,0.4345,0.5021,0.58185,0.6661,0.69795,0.6897,0.69855,0.6944,0.66695,0.6778,0.6774,0.6962,0.7342,0.7634,0.78155,0.85515,0.85025,0.783,0.6255
E1,05/13/2001,0.50655,0.43805,0.40515,0.3914,0.3825,0.40735,0.44425,0.5337,0.61725,0.6701,0.74595,0.73145,0.6808,0.6517,0.65365,0.64345,0.68925,0.72715,0.7909,0.79285,0.91845,0.87005,0.7489,0.57035
E1,05/14/2001,0.4526,0.4185,0.39285,0.37615,0.3816,0.4447,0.57295,0.6431,0.5936,0.6003,0.5867,0.5841,0.5678,0.5694,0.5781,0.5896,0.6472,0.72305,0.7611,0.789,0.9078,0.89485,0.7439,0.5654
E1,05/15/2001,0.45735,0.41735,0.4083,0.39285,0.3926,0.45565,0.606,0.63835,0.5628,0.552,0.5429,0.5686,0.5463,0.54475,0.5917,0.61655,0.6672,0.76925,0.79815,0.82565,0.8758,0.84565,0.71885,0.57075
E1,05/16/2001,0.4658,0.40995,0.40715,0.4041,0.40365,0.48385,0.5984,0.62815,0.5796,0.5919,0.5905,0.59135,0.5776,0.5914,0.57985,0.6363,0.7273,0.817,0.8581,0.88225,0.91795,0.87525,0.7398,0.59225
E1,05/17/2001,0.47285,0.4182,0.41385,0.40425,0.4135,0.47125,0.5834,0.6104,0.5661,0.5777,0.5814,0.56685,0.56625,0.5712,0.6079,0.65405,0.72065,0.7997,0.8283,0.81885,0.89965,0.8684,0.75235,0.57195
E1,05/18/2001,0.4691,0.42005,0.39975,0.3945,0.40085,0.4683,0.5743,0.62265,0.59295,0.5939,0.5911,0.569,0.6046,0.61505,0.66155,0.7087,0.7868,0.83375,0.8696,0.8629,0.9039,0.9169,0.79365,0.65135
E1,05/19/2001,0.5458,0.47595,0.44845,0.43735,0.42335,0.44515,0.5197,0.59595,0.6758,0.73645,0.6972,0.7592,0.7747,0.81455,0.86975,0.91365,0.9751,1.06275,1.0095,0.97095,0.95905,0.96785,0.8507,0.7076
E1,05/20/2001,0.60215,0.5133,0.4649,0.4337,0.41835,0.4309,0.4847,0.5602,0.647,0.72705,0.78035,0.7699,0.83745,0.93765,1.01745,1.10025,1.18205,1.2223,1.28965,1.24105,1.20675,1.0935,0.9345,0.7149
E1,05/21/2001,0.59005,0.5286,0.497,0.47605,0.44215,0.51565,0.6118,0.66205,0.6514,0.66815,0.71775,0.7888,0.855,0.8795,0.9152,1.02265,1.13285,1.23485,1.2686,1.1596,1.17335,1.1018,0.9139,0.70345
E1,05/22/2001,0.5875,0.52225,0.49385,0.4688,0.4646,0.49875,0.6078,0.6681,0.6225,0.6687,0.6944,0.70205,0.7806,0.8138,0.88025,0.99255,1.11445,1.19685,1.2112,1.1388,1.12595,1.03485,0.9216,0.7156
E1,05/23/2001,0.5699,0.50125,0.4632,0.4542,0.4456,0.49935,0.6009,0.64935,0.60075,0.63185,0.6769,0.69885,0.70315,0.75115,0.83175,0.94135,1.036,1.1022,1.10255,1.09985,1.10735,1.05665,0.88985,0.7036
E1,05/24/2001,0.54875,0.48275,0.45205,0.44855,0.4473,0.5008,0.60245,0.6609,0.59825,0.63665,0.63345,0.67225,0.6765,0.7525,0.7994,0.90305,1.01205,1.0614,1.0955,1.08425,1.07955,1.0359,0.8613,0.66135
E1,05/25/2001,0.53735,0.4818,0.46085,0.4352,0.43095,0.49835,0.5879,0.6436,0.6027,0.63975,0.69495,0.69285,0.6678,0.72295,0.7393,0.81015,0.94135,0.9801,0.989,0.8955,0.9486,0.9298,0.80105,0.6649
E1,05/26/2001,0.56005,0.4887,0.44075,0.4189,0.4124,0.43715,0.48205,0.58035,0.6509,0.69505,0.7477,0.7251,0.7334,0.74885,0.7614,0.81385,0.8979,0.89305,0.90135,0.8431,0.88215,0.87845,0.76505,0.6162
E1,05/27/2001,0.53675,0.47825,0.4338,0.4269,0.418,0.42885,0.4793,0.5547,0.61345,0.66835,0.72795,0.70075,0.67975,0.67455,0.6844,0.664,0.69965,0.73005,0.7279,0.7902,0.8205,0.77935,0.6924,0.57955
E1,05/28/2001,0.4985,0.4389,0.3979,0.38495,0.3705,0.3871,0.45005,0.518,0.6025,0.67395,0.72735,0.7519,0.72,0.7049,0.6622,0.66925,0.72315,0.81255,0.7994,0.83825,0.8806,0.8989,0.7712,0.5967
E1,05/29/2001,0.4712,0.43525,0.4085,0.4024,0.39795,0.4617,0.56795,0.61415,0.53305,0.57225,0.5929,0.58775,0.56655,0.58035,0.61635,0.7061,0.7738,0.8717,0.93345,0.90715,0.9591,0.9087,0.7892,0.6358
E1,05/30/2001,0.5152,0.44105,0.42955,0.419,0.41055,0.465,0.57005,0.6619,0.59925,0.61945,0.6259,0.6486,0.7257,0.80395,0.85215,0.9618,1.0869,1.2276,1.27185,1.24845,1.29045,1.22955,1.0168,0.77585
E1,05/31/2001,0.631,0.54575,0.52705,0.50295,0.4826,0.5374,0.639,0.66135,0.68405,0.7159,0.79005,0.90395,0.9808,1.0363,1.12125,1.27115,1.40025,1.56165,1.5107,1.46205,1.41905,1.34585,1.1066,0.8378
E1,06/01/2001,0.6958,0.6033,0.56395,0.56195,0.5233,0.57325,0.684,0.70855,0.68545,0.71695,0.74055,0.78195,0.82415,0.8401,0.85655,0.90185,1.0023,1.0111,1.01305,0.923,0.9639,0.9442,0.7914,0.6527
E1,06/02/2001,0.55145,0.4954,0.4631,0.43535,0.42985,0.43935,0.49835,0.5774,0.6517,0.70285,0.69775,0.6974,0.6721,0.67335,0.71365,0.74,0.76785,0.78845,0.7835,0.8037,0.8126,0.80145,0.73825,0.62215
E1,06/03/2001,0.51245,0.456,0.4222,0.41135,0.4088,0.4193,0.47235,0.5352,0.60645,0.6786,0.70685,0.70005,0.6579,0.6655,0.65135,0.667,0.74415,0.77915,0.7924,0.81555,0.8574,0.8781,0.73485,0.6023
E1,06/04/2001,0.4839,0.42935,0.4022,0.387,0.3993,0.4516,0.5645,0.6379,0.5835,0.57865,0.6037,0.58205,0.61075,0.56485,0.57495,0.6464,0.72075,0.8163,0.8587,0.81935,0.8887,0.91755,0.7507,0.5772
E1,06/05/2001,0.4663,0.4156,0.4013,0.4054,0.39895,0.4644,0.5809,0.60105,0.5589,0.5799,0.5719,0.5647,0.56265,0.5815,0.61655,0.6593,0.7557,0.8007,0.8593,0.7838,0.8913,0.874,0.75455,0.59395
E1,06/06/2001,0.47505,0.4327,0.41615,0.3988,0.41115,0.454,0.57125,0.59495,0.58605,0.5608,0.58215,0.6049,0.5945,0.61225,0.64975,0.72195,0.82935,0.9325,1.00005,0.96435,0.9583,0.9854,0.8499,0.65055
E1,06/07/2001,0.5433,0.4628,0.4396,0.42475,0.4348,0.48415,0.5928,0.61065,0.5865,0.61985,0.6532,0.6761,0.7253,0.7987,0.89355,1.0118,1.10315,1.19625,1.2421,1.15475,1.08595,1.0761,0.9142,0.7485
E1,06/08/2001,0.603,0.53635,0.4933,0.4574,0.4512,0.5002,0.5762,0.6472,0.629,0.65665,0.6834,0.73495,0.7797,0.808,0.91365,0.9716,1.03775,1.10935,1.1046,1.03605,0.9867,0.9455,0.84145,0.7383
E1,06/09/2001,0.57185,0.5141,0.47235,0.46095,0.43405,0.43975,0.49215,0.5606,0.63405,0.7135,0.7399,0.7572,0.78945,0.7828,0.7854,0.84345,0.92015,0.9577,0.94715,0.88565,0.89965,0.87925,0.77905,0.65365
E1,06/10/2001,0.5615,0.5161,0.47065,0.44025,0.432,0.44145,0.47105,0.51305,0.6186,0.71535,0.7208,0.6975,0.70805,0.73905,0.7481,0.77275,0.84935,0.90945,0.9583,0.8818,0.93615,0.9554,0.80015,0.64185
E1,06/11/2001,0.51495,0.4583,0.4406,0.4232,0.42755,0.47755,0.58805,0.629,0.60945,0.6036,0.61715,0.62505,0.6529,0.6612,0.6806,0.72895,0.7866,0.8399,0.87925,0.8566,0.87185,0.9424,0.77715,0.6163
E1,06/12/2001,0.5098,0.46105,0.41905,0.41215,0.4239,0.45945,0.55655,0.59785,0.58755,0.5834,0.5975,0.62615,0.61825,0.6162,0.63425,0.67035,0.74675,0.84,0.87525,0.84705,0.8312,0.90695,0.7718,0.6059
E1,06/13/2001,0.50875,0.4524,0.4279,0.41325,0.4128,0.4618,0.5504,0.61085,0.594,0.5874,0.60155,0.5854,0.60635,0.6106,0.62755,0.68015,0.7514,0.8327,0.8902,0.8659,0.9026,0.9491,0.80065,0.6298
E1,06/14/2001,0.51175,0.45485,0.43715,0.4216,0.43,0.4652,0.57115,0.6086,0.5837,0.60775,0.63835,0.67575,0.7101,0.7792,0.83115,0.91375,1.02035,1.1304,1.1587,1.1143,1.07195,1.0632,0.8934,0.7047
E1,06/15/2001,0.5728,0.5003,0.47725,0.4606,0.46235,0.48785,0.57985,0.6042,0.60265,0.6471,0.67565,0.75075,0.82945,0.8604,0.90375,1.0513,1.14995,1.196,1.22765,1.16635,1.08045,1.05105,0.93905,0.76665
E1,06/16/2001,0.64035,0.5421,0.4928,0.4699,0.4571,0.46225,0.51395,0.594,0.66165,0.7469,0.7775,0.8278,0.9369,1.02855,1.06945,1.1941,1.23905,1.27325,1.27925,1.1988,1.11105,1.11335,0.9721,0.7879
E1,06/17/2001,0.6642,0.55275,0.516,0.48235,0.47235,0.4735,0.51615,0.5839,0.658,0.73,0.82185,0.89215,0.96405,1.01775,1.12775,1.1579,1.2329,1.3017,1.25865,1.23135,1.1723,1.13965,1.015,0.80775
E1,06/18/2001,0.6338,0.55655,0.50195,0.4888,0.48015,0.5085,0.59595,0.6377,0.64945,0.6789,0.7565,0.83125,0.85225,0.9234,1.038,1.1275,1.28015,1.34245,1.3338,1.27655,1.2169,1.2147,1.0253,0.81635
E1,06/19/2001,0.643,0.5568,0.5127,0.4914,0.4991,0.5265,0.59385,0.6254,0.65215,0.67175,0.7682,0.8392,0.9239,1.018,1.0745,1.16895,1.28625,1.37085,1.3601,1.2881,1.20715,1.2259,1.05835,0.8046
E1,06/20/2001,0.65765,0.56175,0.51025,0.49255,0.49175,0.5411,0.60885,0.65675,0.68845,0.76145,0.80175,0.8729,0.98245,1.07405,1.18045,1.30595,1.35735,1.4577,1.48105,1.4925,1.37155,1.27355,1.0486,0.8225
E1,06/21/2001,0.68305,0.57555,0.52685,0.522,0.51335,0.55585,0.60705,0.6477,0.6739,0.7635,0.816,0.94105,0.99275,1.09195,1.2196,1.3169,1.38795,1.50905,1.51815,1.40685,1.348,1.333,1.1133,0.86695
E1,06/22/2001,0.7378,0.6208,0.5733,0.53565,0.52725,0.5659,0.62435,0.6512,0.6981,0.73485,0.80635,0.9282,1.03675,1.0865,1.1481,1.1961,1.3022,1.3434,1.2772,1.21075,1.1742,1.1105,0.9717,0.82585
E1,06/23/2001,0.6595,0.564,0.52135,0.4993,0.48235,0.48455,0.51785,0.5871,0.666,0.7216,0.76665,0.86595,0.837,0.90345,0.89725,0.9092,0.9665,0.992,0.99665,0.9451,0.92975,0.9429,0.8259,0.7312
E1,06/24/2001,0.59035,0.5208,0.47775,0.44665,0.44785,0.4443,0.4801,0.5423,0.6026,0.68445,0.7041,0.70165,0.7072,0.7108,0.73035,0.7829,0.8242,0.87335,0.9081,0.9356,0.92485,0.9793,0.81495,0.6705
E1,06/25/2001,0.5699,0.4892,0.44695,0.43295,0.42865,0.4607,0.5241,0.5638,0.55355,0.5866,0.6035,0.6097,0.6228,0.6545,0.63605,0.67955,0.73825,0.8564,0.90975,0.8606,0.87495,0.8846,0.76245,0.6007
E1,06/26/2001,0.4861,0.44535,0.4239,0.4129,0.42215,0.4563,0.5281,0.56905,0.57175,0.60105,0.6117,0.60755,0.63605,0.6331,0.667,0.7144,0.74485,0.84825,0.84725,0.85125,0.84995,0.89005,0.78265,0.62755
E1,06/27/2001,0.5109,0.4474,0.42655,0.42365,0.419,0.46365,0.54,0.58,0.57185,0.56585,0.6193,0.63785,0.66865,0.6609,0.6731,0.67235,0.73315,0.81505,0.86685,0.88495,0.87335,0.88495,0.7482,0.61395
E1,06/28/2001,0.50305,0.44495,0.4307,0.42515,0.42545,0.4678,0.5374,0.6055,0.5841,0.5932,0.6481,0.65315,0.6704,0.6804,0.7059,0.7714,0.8522,0.93075,0.95955,0.9103,0.93545,1.00375,0.8587,0.6558
E1,06/29/2001,0.54675,0.47535,0.43875,0.4286,0.43985,0.505,0.5455,0.5753,0.61815,0.637,0.64765,0.6812,0.71055,0.76305,0.80165,0.87395,0.98785,1.04135,1.11465,1.06175,0.972,1.0039,0.89025,0.74215
E1,06/30/2001,0.6135,0.52635,0.47585,0.47445,0.45505,0.45255,0.49195,0.5605,0.64615,0.7522,0.7941,0.82105,0.90065,1.0132,1.0118,1.08045,1.16275,1.20905,1.23775,1.169,1.1086,1.0451,0.95655,0.82545
E1,07/01/2001,0.65845,0.5678,0.52395,0.48565,0.4841,0.4746,0.5014,0.55795,0.6665,0.77485,0.849,0.88565,0.96415,1.02445,1.09075,1.19445,1.2904,1.3704,1.38245,1.27025,1.2254,1.1994,1.0189,0.8097
E1,07/02/2001,0.66005,0.54545,0.5194,0.49345,0.4918,0.5267,0.5844,0.6335,0.68245,0.7251,0.75935,0.835,0.9852,1.0902,1.2051,1.3626,1.47655,1.55165,1.5902,1.5687,1.4662,1.3793,1.16105,0.9587
E1,07/03/2001,0.75005,0.63725,0.5946,0.5624,0.55475,0.60075,0.65775,0.7106,0.7292,0.7833,0.8271,1.0053,1.1833,1.2512,1.3754,1.50665,1.61805,1.69165,1.69215,1.61265,1.5371,1.46725,1.29,1.08235
E1,07/04/2001,0.9077,0.7796,0.663,0.61865,0.59375,0.63645,0.65775,0.71045,0.8414,0.94435,1.03475,1.0741,1.1777,1.226,1.2767,1.286,1.25435,1.24275,1.2305,1.109,1.10045,1.05825,1.0123,0.9065
E1,07/05/2001,0.73015,0.6257,0.55925,0.53005,0.517,0.56355,0.60135,0.66155,0.64945,0.74225,0.8138,0.9184,0.9956,1.08085,1.1113,1.19655,1.3075,1.36925,1.3282,1.26455,1.2256,1.19455,1.043,0.86355
E1,07/06/2001,0.6917,0.6201,0.5237,0.49965,0.49665,0.5346,0.57015,0.64865,0.7094,0.71325,0.76125,0.8099,0.82435,0.82865,0.88645,0.9877,1.0098,1.0531,1.0779,1.04055,1.0148,1.02455,0.9404,0.78705
E1,07/07/2001,0.6505,0.55275,0.5103,0.492,0.47035,0.49955,0.5174,0.5939,0.65345,0.7208,0.81055,0.86785,0.95495,0.99985,1.01145,1.07795,1.1107,1.147,1.16335,1.07975,1.0275,1.02505,0.94185,0.79705
E1,07/08/2001,0.68115,0.574,0.50795,0.48365,0.45895,0.46685,0.4851,0.5457,0.64615,0.7725,0.8137,0.85995,0.909,0.99925,1.0232,1.08405,1.1947,1.19515,1.2633,1.18815,1.15435,1.13275,0.9695,0.78965
E1,07/09/2001,0.64175,0.5649,0.49465,0.4603,0.47045,0.52485,0.58625,0.63835,0.6603,0.66975,0.675,0.73855,0.8289,0.83865,0.91435,1.01865,1.0999,1.185,1.17085,1.0632,1.10535,1.13145,0.9459,0.76615
E1,07/10/2001,0.594,0.52995,0.4768,0.45485,0.4486,0.51105,0.56915,0.62355,0.6333,0.6428,0.6429,0.65285,0.69965,0.73745,0.7717,0.8493,0.9579,1.0329,1.05955,0.99105,1.0021,1.01465,0.88045,0.67195
E1,07/11/2001,0.56835,0.48725,0.4549,0.43545,0.4371,0.48955,0.5424,0.60025,0.61225,0.6454,0.62965,0.64095,0.62755,0.64745,0.69925,0.74135,0.81145,0.8924,0.95995,0.9207,0.95255,0.9557,0.8159,0.6597
E1,07/12/2001,0.553,0.47275,0.4199,0.40725,0.4168,0.4664,0.55965,0.6063,0.59755,0.6146,0.639,0.62035,0.64285,0.63735,0.6592,0.7171,0.8094,0.92155,0.96375,0.9332,0.93465,0.94465,0.8498,0.6889
E1,07/13/2001,0.55845,0.4745,0.4391,0.42005,0.43805,0.47415,0.53365,0.6041,0.6147,0.651,0.65405,0.6797,0.6906,0.72175,0.76335,0.86415,0.99775,1.04095,1.0718,0.99665,1.0186,1.01635,0.8622,0.7245
E1,07/14/2001,0.59245,0.5041,0.4633,0.4382,0.42135,0.44215,0.4972,0.54465,0.6069,0.6711,0.7095,0.76455,0.7682,0.8285,0.84365,0.86375,0.9881,1.0101,0.97065,0.9486,0.9129,0.9091,0.79075,0.67925
E1,07/15/2001,0.56805,0.5101,0.4599,0.44615,0.44435,0.4442,0.47915,0.5471,0.6304,0.7212,0.7291,0.7309,0.7643,0.8171,0.7981,0.84755,0.9501,0.99735,1.0193,0.9586,0.99065,0.9586,0.8344,0.6365
E1,07/16/2001,0.55335,0.47185,0.43955,0.43225,0.44525,0.4821,0.56525,0.61715,0.62505,0.6263,0.62565,0.6485,0.67275,0.6355,0.61845,0.65685,0.72455,0.77785,0.88365,0.84855,0.85515,0.85045,0.75225,0.62105
E1,07/17/2001,0.5114,0.4557,0.4223,0.41915,0.43195,0.47795,0.56415,0.59565,0.60465,0.5898,0.5976,0.6091,0.6329,0.6481,0.6511,0.69745,0.79585,0.82995,0.82775,0.8531,0.9274,0.96005,0.8083,0.63835
E1,07/18/2001,0.54315,0.464,0.43015,0.42915,0.44585,0.49585,0.5516,0.61095,0.61655,0.62235,0.6282,0.63935,0.6533,0.6794,0.6948,0.77245,0.86255,0.95015,0.98715,0.95445,0.9754,0.97315,0.8385,0.6938
E1,07/19/2001,0.56765,0.49,0.4633,0.4585,0.46005,0.5047,0.5456,0.60335,0.59365,0.5967,0.6122,0.66815,0.65985,0.68515,0.74405,0.80975,0.88925,0.93085,0.96245,0.96045,0.9773,0.95715,0.86695,0.6783
E1,07/20/2001,0.5712,0.4825,0.44095,0.4329,0.44315,0.50135,0.55945,0.6286,0.65025,0.6499,0.6388,0.67185,0.69085,0.6851,0.69195,0.73235,0.7972,0.8604,0.933,0.8483,0.87095,0.9099,0.8075,0.6486
E1,07/21/2001,0.54735,0.48405,0.44095,0.4394,0.44375,0.45515,0.497,0.56835,0.6409,0.6909,0.7264,0.7093,0.7084,0.7126,0.7192,0.76425,0.835,0.8458,0.82795,0.84285,0.87525,0.88075,0.78795,0.6671
E1,07/22/2001,0.5946,0.5137,0.4674,0.4519,0.4486,0.45005,0.4762,0.5562,0.6063,0.70565,0.73245,0.7489,0.7844,0.8461,0.89215,0.91355,0.9749,1.04135,1.0905,1.0253,1.0507,1.0631,0.87985,0.7361
E1,07/23/2001,0.5798,0.5052,0.45895,0.4558,0.46755,0.5154,0.58385,0.6277,0.634,0.6587,0.6609,0.68445,0.73105,0.76025,0.82675,0.8715,1.0082,1.0969,1.17005,1.12015,1.1065,1.10605,0.9678,0.76335
E1,07/24/2001,0.6188,0.53075,0.4703,0.47085,0.4842,0.5107,0.5858,0.63445,0.6165,0.66565,0.686,0.74435,0.77375,0.82235,0.88175,0.97275,1.0704,1.13825,1.18805,1.1023,1.11985,1.09735,0.92605,0.751
E1,07/25/2001,0.6145,0.5339,0.49445,0.4754,0.4828,0.53265,0.5855,0.66515,0.6348,0.64015,0.67035,0.6955,0.80075,0.83605,0.8846,0.9414,1.0923,1.169,1.19285,1.14205,1.1273,1.1108,0.95025,0.7632
E1,07/26/2001,0.6205,0.5415,0.5041,0.49465,0.4934,0.5364,0.5969,0.6526,0.66355,0.6657,0.6717,0.74645,0.7788,0.8411,0.8684,0.9368,1.072,1.18295,1.20825,1.14765,1.1177,1.10095,0.9064,0.734
E1,07/27/2001,0.61935,0.5478,0.4964,0.47025,0.4679,0.5195,0.57285,0.6241,0.6441,0.68485,0.71555,0.7372,0.8128,0.88875,0.94185,1.02105,1.0987,1.20255,1.24285,1.17705,1.13115,1.14305,0.98325,0.81505
E1,07/28/2001,0.6599,0.5812,0.5191,0.49405,0.4752,0.47825,0.51795,0.5708,0.7048,0.75405,0.7867,0.8374,0.88095,0.96485,1.05355,1.11335,1.1976,1.26865,1.27815,1.2052,1.16695,1.11835,0.96105,0.80245
E1,07/29/2001,0.6441,0.5667,0.50135,0.49025,0.4798,0.4834,0.5287,0.5884,0.6736,0.7936,0.80945,0.87045,0.87485,0.94725,0.97425,1.01775,1.0949,1.1391,1.12235,1.02525,1.01445,1.0293,0.8809,0.7447
E1,07/30/2001,0.58675,0.49875,0.4625,0.44175,0.4531,0.5066,0.60565,0.6426,0.66265,0.69185,0.6653,0.6643,0.72205,0.7077,0.7079,0.75645,0.81305,0.89235,0.88265,0.89025,0.9349,0.9374,0.84205,0.67965
E1,07/31/2001,0.5752,0.49625,0.45525,0.4425,0.4488,0.49605,0.566,0.60055,0.6114,0.63105,0.64075,0.62845,0.672,0.71225,0.7681,0.79785,0.9027,0.97075,1.05675,1.0209,1.0065,1.0146,0.8637,0.7134
E1,08/01/2001,0.58205,0.4995,0.46205,0.45445,0.4701,0.52535,0.5775,0.6013,0.6523,0.6582,0.6645,0.6419,0.69405,0.8041,0.86025,0.9151,1.0192,1.08025,1.13245,1.0584,1.0502,1.0434,0.89855,0.738
E1,08/02/2001,0.58475,0.5105,0.4745,0.4514,0.47095,0.5228,0.577,0.6283,0.6366,0.68375,0.70285,0.6883,0.7531,0.7779,0.82045,0.9079,1.05095,1.139,1.1637,1.0881,1.0741,1.0574,0.91475,0.7445
E1,08/03/2001,0.60925,0.52155,0.4957,0.4732,0.4802,0.513,0.58395,0.62205,0.6612,0.67465,0.68355,0.7259,0.72925,0.7671,0.82755,0.88215,0.9699,1.0331,1.0432,1.021,1.0133,0.99585,0.86275,0.743
E1,08/04/2001,0.62945,0.53755,0.5021,0.47775,0.46655,0.48465,0.528,0.5793,0.6674,0.756,0.7552,0.75955,0.7981,0.79145,0.8736,0.9284,0.98695,1.015,0.9767,0.93745,0.9746,0.9725,0.8945,0.7616
E1,08/05/2001,0.6091,0.555,0.50045,0.4821,0.4731,0.45985,0.49455,0.56945,0.6348,0.72455,0.7215,0.76825,0.81775,0.86835,0.88225,0.96965,1.0219,1.0843,1.10405,1.0625,1.1141,1.0556,0.92995,0.76625
E1,08/06/2001,0.60115,0.544,0.4901,0.48205,0.4829,0.51865,0.58405,0.61315,0.64305,0.6655,0.69775,0.7251,0.7781,0.8748,0.96395,1.02065,1.17515,1.2966,1.40485,1.2646,1.2459,1.19725,0.98505,0.8066
E1,08/07/2001,0.6629,0.5851,0.51635,0.4955,0.4957,0.54,0.6147,0.6314,0.6561,0.6953,0.77,0.79805,0.8875,0.973,1.1181,1.2337,1.3662,1.42365,1.4335,1.3925,1.37475,1.3192,1.1119,0.8869
E1,08/08/2001,0.7366,0.6152,0.5555,0.5285,0.51735,0.57595,0.63715,0.69605,0.72885,0.74485,0.8207,0.9531,1.0294,1.1361,1.21125,1.34275,1.5078,1.5504,1.5684,1.4201,1.37945,1.29535,1.07495,0.87985
E1,08/09/2001,0.73185,0.59365,0.53315,0.5052,0.5234,0.56175,0.6331,0.68675,0.71895,0.70585,0.7124,0.7965,0.879,0.89465,0.93705,1.0512,1.1308,1.2128,1.2516,1.1668,1.18,1.11695,0.9445,0.75605
E1,08/10/2001,0.64675,0.55155,0.4977,0.4838,0.48015,0.52585,0.6022,0.64845,0.6725,0.6753,0.64625,0.67315,0.74735,0.7965,0.84365,0.92225,0.9806,1.0803,1.09775,1.0222,1.0437,1.0259,0.88625,0.72725
E1,08/11/2001,0.62085,0.55145,0.4899,0.4702,0.46165,0.46855,0.5033,0.57275,0.6713,0.70545,0.72175,0.77005,0.78535,0.84235,0.8897,0.9529,0.9934,1.0813,1.10605,1.0464,1.04185,1.0063,0.8985,0.74355
E1,08/12/2001,0.6305,0.5749,0.5092,0.4671,0.45095,0.46755,0.4935,0.5428,0.6712,0.714,0.73965,0.76745,0.83165,0.87645,0.8788,0.9336,1.0313,1.09305,1.0881,1.05335,1.09565,1.0323,0.87765,0.70145
E1,08/13/2001,0.59605,0.53285,0.4818,0.4602,0.4461,0.49895,0.5971,0.6213,0.6372,0.6414,0.66745,0.66135,0.68005,0.7196,0.7524,0.81705,0.91415,1.03265,1.02085,0.9953,1.0457,1.01325,0.84145,0.6773
E1,08/14/2001,0.56605,0.4923,0.4565,0.43395,0.44715,0.4901,0.5764,0.6202,0.6228,0.6485,0.64145,0.6313,0.67165,0.7419,0.82185,0.92495,1.03935,1.08315,1.12425,1.0529,1.07505,1.076,0.88,0.7343
E1,08/15/2001,0.58895,0.50325,0.4677,0.43265,0.4416,0.5053,0.5659,0.61805,0.63515,0.64555,0.6721,0.68365,0.7119,0.79325,0.8522,0.9374,1.07085,1.16435,1.22865,1.13695,1.15065,1.07655,0.90945,0.7299
E1,08/16/2001,0.6029,0.52815,0.47925,0.4607,0.4685,0.506,0.58745,0.63345,0.6032,0.6203,0.637,0.65705,0.737,0.79335,0.91605,1.05655,1.2,1.3045,1.33685,1.22095,1.2846,1.1638,0.9764,0.7767
E1,08/17/2001,0.65295,0.586,0.5239,0.48935,0.4878,0.52775,0.6063,0.6231,0.6579,0.72345,0.71015,0.7897,0.86965,0.98335,1.0596,1.191,1.3222,1.37235,1.37945,1.3352,1.26805,1.14695,1.00515,0.83595
E1,08/18/2001,0.68955,0.58895,0.53895,0.50245,0.4938,0.49855,0.53945,0.60475,0.6646,0.7533,0.79365,0.8565,0.85795,0.97395,1.0707,1.1145,1.2046,1.299,1.2964,1.1886,1.16965,1.0684,0.9423,0.8093
E1,08/19/2001,0.66055,0.57135,0.51235,0.4789,0.47945,0.4758,0.5194,0.56045,0.65295,0.75575,0.82535,0.86415,0.91065,0.99135,1.0926,1.14095,1.21055,1.24345,1.24005,1.16685,1.1791,1.1098,0.95775,0.76195
E1,08/20/2001,0.6167,0.53055,0.47425,0.44495,0.45015,0.5121,0.60585,0.64105,0.64995,0.6663,0.70305,0.6903,0.7175,0.7077,0.7687,0.83055,0.917,1.0305,1.01705,1.0029,1.04375,1.00595,0.82455,0.66525
E1,08/21/2001,0.5585,0.49235,0.44755,0.4339,0.44415,0.49035,0.59995,0.60865,0.5971,0.6421,0.6295,0.6036,0.61905,0.6042,0.6525,0.6867,0.77845,0.86965,0.93485,0.9303,0.9846,0.95375,0.79905,0.67645
E1,08/22/2001,0.5478,0.47225,0.42855,0.4301,0.43815,0.4941,0.6143,0.6447,0.61965,0.59965,0.61125,0.5771,0.60615,0.6293,0.6202,0.67245,0.78,0.90075,0.9693,0.91805,1.0007,0.94275,0.80465,0.63925
E1,08/23/2001,0.5317,0.47085,0.4318,0.4205,0.4505,0.49335,0.57935,0.615,0.62495,0.6419,0.65415,0.62195,0.6149,0.6741,0.69285,0.7451,0.8555,0.9221,0.93195,0.91315,0.9978,0.94035,0.81485,0.66605
E1,08/24/2001,0.53765,0.4853,0.45475,0.43965,0.4451,0.50075,0.5945,0.6453,0.64185,0.6381,0.65825,0.69865,0.7055,0.7565,0.7986,0.8952,0.97215,1.02615,1.02775,1.0027,1.0327,0.97585,0.85775,0.7049
E1,08/25/2001,0.60035,0.52775,0.481,0.44915,0.4625,0.4723,0.4994,0.5596,0.64545,0.6726,0.70105,0.73485,0.78415,0.8698,0.9312,1.03795,1.1736,1.2373,1.20375,1.1185,1.13795,1.0637,0.91555,0.7573
E1,08/26/2001,0.6415,0.5707,0.50745,0.47345,0.46335,0.4605,0.4993,0.5683,0.65065,0.74235,0.78445,0.84665,0.94995,1.0148,1.1371,1.21445,1.3798,1.3941,1.3686,1.30365,1.3344,1.189,0.9708,0.7614
E1,08/27/2001,0.61925,0.5454,0.49085,0.47715,0.47795,0.52895,0.65265,0.6737,0.6614,0.6704,0.69505,0.7805,0.88435,0.9869,1.09665,1.25595,1.3756,1.53675,1.57365,1.4438,1.42905,1.2689,1.06845,0.87205
E1,08/28/2001,0.66035,0.57425,0.50545,0.4957,0.5106,0.54915,0.65335,0.69915,0.6733,0.67145,0.6762,0.73935,0.8437,0.9546,1.09085,1.2635,1.3994,1.4406,1.41565,1.3489,1.37695,1.15485,0.9713,0.7875
E1,08/29/2001,0.64985,0.55555,0.4998,0.4752,0.48295,0.54715,0.66395,0.67955,0.66105,0.67275,0.6601,0.6889,0.7445,0.83985,0.9064,1.0342,1.1469,1.2018,1.20225,1.15075,1.14975,1.0427,0.84935,0.66295
E1,08/30/2001,0.5578,0.50325,0.4582,0.4479,0.4545,0.51395,0.64965,0.6863,0.65545,0.65185,0.6379,0.61255,0.63905,0.66035,0.73435,0.80565,0.8885,0.92585,0.9621,0.9604,1.0178,0.9534,0.7847,0.6335
E1,08/31/2001,0.5357,0.4886,0.4525,0.4415,0.44505,0.48975,0.61755,0.6672,0.6067,0.62625,0.6444,0.63285,0.6484,0.6955,0.7284,0.7754,0.89625,0.9895,0.9817,0.9807,1.0551,0.9572,0.82865,0.69665
E1,09/01/2001,0.5999,0.5271,0.47505,0.4549,0.45335,0.46335,0.5003,0.5987,0.65405,0.71535,0.7271,0.76125,0.7677,0.8631,0.91885,0.9917,1.04815,1.0926,1.09575,1.0619,1.09095,1.0026,0.8811,0.73515
E1,09/02/2001,0.623,0.5441,0.49445,0.46985,0.47495,0.46635,0.5012,0.5765,0.66725,0.75335,0.78735,0.8044,0.8724,0.97085,1.0546,1.08735,1.15585,1.1613,1.15925,1.1167,1.1629,1.06795,0.9295,0.7453
E1,09/03/2001,0.6067,0.56715,0.50715,0.4597,0.4565,0.45885,0.50765,0.5934,0.67615,0.766,0.8342,0.88565,0.9776,1.02595,1.1064,1.1878,1.2839,1.3267,1.3024,1.23875,1.2406,1.0889,0.94615,0.779
E1,09/04/2001,0.61645,0.5333,0.4795,0.4683,0.4692,0.51855,0.63015,0.66875,0.62835,0.64765,0.6613,0.68825,0.75125,0.82765,0.89015,1.05075,1.16875,1.2217,1.2007,1.1672,1.2042,1.1016,0.89825,0.7065
E1,09/05/2001,0.58615,0.5307,0.46975,0.45125,0.4507,0.5131,0.64595,0.68485,0.6253,0.6155,0.60415,0.6145,0.65165,0.69965,0.76405,0.8583,0.9504,1.04025,1.0525,1.0594,1.11335,1.01115,0.8434,0.6635
E1,09/06/2001,0.5674,0.49515,0.4506,0.43765,0.45355,0.5136,0.61735,0.6907,0.63615,0.62735,0.58925,0.59115,0.58915,0.6258,0.6802,0.73885,0.864,0.9801,0.99015,0.9653,1.0553,0.95545,0.80615,0.63205
E1,09/07/2001,0.53685,0.4759,0.4416,0.4289,0.44165,0.48175,0.61815,0.64015,0.57195,0.57795,0.5904,0.57775,0.6219,0.6625,0.70715,0.78695,0.86325,0.95025,0.99855,0.9697,1.0025,0.92145,0.8073,0.6721
E1,09/08/2001,0.5728,0.50405,0.4596,0.44645,0.4442,0.4584,0.5136,0.58505,0.6458,0.69295,0.7467,0.71465,0.74365,0.76605,0.8351,0.89535,0.9296,1.0046,0.98205,0.94975,0.97345,0.91755,0.81615,0.67015
E1,09/09/2001,0.5554,0.4967,0.45665,0.43295,0.43355,0.435,0.4835,0.55165,0.6348,0.69165,0.7432,0.746,0.74065,0.75135,0.79825,0.7921,0.8378,0.9238,0.93905,1.00325,1.0796,0.9397,0.78425,0.6138
E1,09/10/2001,0.5159,0.45645,0.4282,0.41745,0.43425,0.47935,0.62335,0.65645,0.60955,0.61055,0.591,0.56545,0.59115,0.62815,0.62575,0.7068,0.7613,0.85975,0.8809,0.95835,1.0348,0.9304,0.76735,0.6152
E1,09/11/2001,0.50985,0.4588,0.42505,0.4138,0.43565,0.48415,0.6281,0.6864,0.6066,0.58665,0.5854,0.5888,0.5832,0.5699,0.58805,0.6655,0.7559,0.82135,0.8489,0.92045,0.96825,0.87545,0.73085,0.5955
E1,09/12/2001,0.49355,0.4297,0.42025,0.4074,0.42925,0.47885,0.6249,0.66645,0.6119,0.59195,0.59445,0.5958,0.5994,0.6091,0.61215,0.6787,0.7686,0.8555,0.89375,0.92025,0.95455,0.8833,0.74335,0.6065
E1,09/13/2001,0.5117,0.4558,0.4274,0.42835,0.44755,0.5169,0.63345,0.6951,0.59935,0.5985,0.6411,0.58695,0.5806,0.58205,0.60255,0.6701,0.7276,0.83085,0.8811,0.93325,1.00285,0.92785,0.75165,0.61055
E1,09/14/2001,0.52225,0.4732,0.4341,0.4281,0.4407,0.47975,0.61925,0.6574,0.58915,0.5677,0.60075,0.5941,0.6229,0.65075,0.70195,0.7865,0.8808,0.94855,1.0263,1.01075,1.01765,0.9327,0.8187,0.68845
E1,09/15/2001,0.56425,0.5093,0.46145,0.44245,0.4475,0.45005,0.50685,0.59495,0.6844,0.75975,0.7566,0.7655,0.76575,0.7799,0.83775,0.88275,0.93975,1.0387,1.01115,1.0195,1.01445,0.916,0.8303,0.6973
E1,09/16/2001,0.59885,0.5003,0.455,0.43315,0.4361,0.44285,0.4734,0.5329,0.64855,0.73855,0.74965,0.73565,0.76165,0.8096,0.833,0.8479,0.90255,0.98125,1.00655,1.0201,1.0308,0.94535,0.77675,0.61335
E1,09/17/2001,0.51315,0.4687,0.4314,0.40585,0.4314,0.48615,0.6204,0.69765,0.6491,0.61645,0.64065,0.6049,0.61855,0.62845,0.6361,0.7166,0.79505,0.8952,0.94845,1.0149,1.02405,0.9212,0.77865,0.6309
E1,09/18/2001,0.52225,0.45975,0.42565,0.41225,0.44095,0.4961,0.63325,0.67485,0.6084,0.61305,0.57615,0.566,0.5956,0.5955,0.6468,0.73005,0.82825,0.91815,0.9726,1.0332,1.0666,0.9247,0.7815,0.62385
E1,09/19/2001,0.5098,0.44855,0.42525,0.41285,0.43365,0.49825,0.6451,0.66515,0.628,0.60265,0.58895,0.59265,0.5996,0.6411,0.6805,0.748,0.81435,0.9269,0.97095,1.08455,1.07175,0.9482,0.7838,0.63855
E1,09/20/2001,0.5286,0.47065,0.4396,0.42295,0.4558,0.5099,0.64525,0.69825,0.62535,0.6037,0.58115,0.55935,0.5731,0.61345,0.6417,0.73035,0.81855,0.90875,0.9175,1.00775,1.0776,0.96,0.8083,0.64315
E1,09/21/2001,0.52515,0.4724,0.4327,0.42435,0.4331,0.485,0.63825,0.7113,0.6543,0.6214,0.60245,0.6002,0.6181,0.62475,0.6591,0.7039,0.78285,0.90305,0.97395,1.01745,0.99245,0.91015,0.7917,0.6695
E1,09/22/2001,0.5483,0.48155,0.4425,0.4248,0.4333,0.4561,0.5094,0.5886,0.64055,0.71235,0.70745,0.7082,0.7182,0.75105,0.8088,0.828,0.88215,0.9081,0.92365,0.99145,0.98765,0.9094,0.7694,0.6691
E1,09/23/2001,0.552,0.49075,0.4471,0.43025,0.43735,0.42965,0.47245,0.53995,0.63745,0.7099,0.7683,0.80935,0.79465,0.7942,0.8024,0.8276,0.89415,0.97385,0.9939,1.0806,1.07005,0.937,0.76915,0.62565
E1,09/24/2001,0.5116,0.45575,0.4176,0.4042,0.4278,0.4848,0.63425,0.68255,0.6076,0.60815,0.5781,0.59435,0.59495,0.58695,0.60015,0.6547,0.7313,0.86485,0.954,0.99725,0.9712,0.84475,0.7296,0.5742
E1,09/25/2001,0.4786,0.4433,0.4186,0.41485,0.4356,0.4873,0.6344,0.66675,0.5805,0.5684,0.57575,0.55665,0.565,0.54505,0.54975,0.6261,0.6956,0.80135,0.8443,0.9528,0.96925,0.86125,0.7486,0.58335
E1,09/26/2001,0.4911,0.4351,0.39685,0.3984,0.4185,0.47485,0.6329,0.6686,0.59115,0.5503,0.52005,0.51235,0.5578,0.5597,0.6148,0.6427,0.71625,0.8073,0.89265,1.02685,0.9713,0.8981,0.7599,0.577
E1,09/27/2001,0.49705,0.44255,0.42185,0.4053,0.4295,0.47065,0.61885,0.6479,0.5855,0.58925,0.55035,0.5681,0.55405,0.5583,0.58035,0.64135,0.70655,0.79525,0.8349,0.9518,0.93165,0.85765,0.73335,0.5579
E1,09/28/2001,0.4751,0.43125,0.404,0.39355,0.41735,0.4721,0.61655,0.65815,0.59865,0.5617,0.5504,0.56155,0.54925,0.5553,0.5622,0.6022,0.6343,0.70045,0.72195,0.83435,0.84105,0.7868,0.69125,0.58845
E1,09/29/2001,0.5077,0.44575,0.41935,0.40275,0.41,0.42045,0.45645,0.54195,0.6203,0.6832,0.68675,0.66435,0.65695,0.6497,0.69555,0.74035,0.80555,0.86685,0.8627,0.92375,0.89495,0.8182,0.7483,0.61925
E1,09/30/2001,0.5176,0.4652,0.4321,0.4325,0.4274,0.42815,0.44875,0.5395,0.6333,0.6542,0.70135,0.70385,0.71715,0.7643,0.81115,0.9046,0.9743,1.0125,1.06565,1.14415,1.09145,0.996,0.81605,0.6512
E1,10/01/2001,0.53425,0.4757,0.44755,0.4344,0.4503,0.49735,0.62165,0.67435,0.6156,0.5985,0.5967,0.64115,0.6988,0.78315,0.82565,0.9684,1.08055,1.1366,1.185,1.264,1.1957,1.0319,0.8538,0.6625
E1,10/02/2001,0.5447,0.50565,0.46045,0.43745,0.4571,0.5031,0.64955,0.70335,0.6344,0.623,0.5917,0.59385,0.638,0.72415,0.79465,0.9021,1.01425,1.0887,1.15865,1.2184,1.13405,1.00475,0.8353,0.66745
E1,10/03/2001,0.5415,0.47995,0.44735,0.42845,0.4412,0.4949,0.6605,0.6746,0.5956,0.57515,0.5791,0.60605,0.66865,0.68035,0.75165,0.8722,0.97235,1.07905,1.0852,1.1358,1.1115,0.9587,0.7955,0.63165
E1,10/04/2001,0.5291,0.4862,0.43185,0.42655,0.431,0.49105,0.633,0.6915,0.60075,0.5883,0.5837,0.55695,0.57175,0.5761,0.635,0.68845,0.78595,0.86895,0.9316,0.9901,0.96985,0.86645,0.75355,0.5733
E1,10/05/2001,0.4887,0.45695,0.40095,0.3948,0.4112,0.4641,0.60665,0.66715,0.61835,0.61075,0.59485,0.5751,0.57705,0.579,0.58115,0.6178,0.63005,0.69685,0.80235,0.91815,0.88705,0.79735,0.6954,0.5948
E1,10/06/2001,0.5133,0.4436,0.4133,0.39735,0.41495,0.4231,0.47715,0.59865,0.6709,0.7432,0.74005,0.68495,0.71,0.667,0.6347,0.66545,0.67275,0.7551,0.8078,0.9228,0.8763,0.8007,0.7011,0.58485
E1,10/07/2001,0.53135,0.47695,0.42835,0.40845,0.4219,0.42615,0.4602,0.54495,0.63785,0.67655,0.68555,0.7375,0.70625,0.67705,0.64175,0.6341,0.6848,0.7835,0.8881,0.9938,0.92535,0.8279,0.68165,0.5621
E1,10/08/2001,0.47275,0.4174,0.4013,0.38315,0.40205,0.4508,0.5807,0.68775,0.64585,0.62865,0.60595,0.5923,0.596,0.5688,0.5525,0.5912,0.65125,0.7595,0.8645,0.97075,0.95515,0.85925,0.67365,0.536
E1,10/09/2001,0.4618,0.42815,0.38905,0.39295,0.4133,0.47055,0.6352,0.6914,0.59355,0.52825,0.5193,0.5245,0.5235,0.5262,0.5171,0.5445,0.59805,0.7056,0.83315,0.9536,0.93035,0.83055,0.68035,0.5588
E1,10/10/2001,0.46195,0.41745,0.3907,0.394,0.4143,0.4693,0.60555,0.68605,0.616,0.59805,0.5467,0.5556,0.5804,0.53505,0.5419,0.56825,0.6205,0.70565,0.8238,0.9138,0.8918,0.81655,0.69095,0.55995
E1,10/11/2001,0.45275,0.4141,0.38825,0.38765,0.3985,0.4624,0.61475,0.67935,0.5837,0.54685,0.5378,0.52905,0.5216,0.52435,0.5238,0.5575,0.6085,0.72805,0.82555,0.94605,0.9164,0.84035,0.70995,0.56795
E1,10/12/2001,0.45535,0.418,0.3893,0.38695,0.4079,0.46785,0.61,0.66195,0.57805,0.55215,0.58065,0.57465,0.57785,0.5521,0.5774,0.5995,0.6782,0.74845,0.8462,0.92145,0.9147,0.82075,0.7267,0.6089
E1,10/13/2001,0.52635,0.45525,0.4297,0.4157,0.4318,0.4338,0.48705,0.59095,0.6687,0.7072,0.7281,0.7452,0.70575,0.67505,0.71635,0.74215,0.74925,0.7749,0.85285,0.9438,0.9221,0.8339,0.7313,0.64025
E1,10/14/2001,0.52205,0.47625,0.4419,0.42015,0.40905,0.4223,0.4634,0.5449,0.6486,0.67645,0.68925,0.6998,0.7389,0.7214,0.76855,0.81225,0.84155,0.89395,1.0077,1.0489,0.98345,0.8597,0.72155,0.602
E1,10/15/2001,0.4947,0.455,0.4213,0.4027,0.42005,0.46955,0.6345,0.69135,0.618,0.5901,0.59735,0.6085,0.57425,0.5717,0.59375,0.67885,0.73815,0.83215,0.96575,1.01095,0.9643,0.89225,0.74285,0.588
E1,10/16/2001,0.48395,0.4248,0.40385,0.4018,0.4092,0.46255,0.6277,0.7171,0.61675,0.57835,0.54335,0.57405,0.5693,0.5437,0.5345,0.6056,0.67445,0.77135,0.89625,0.96755,0.92215,0.799,0.68155,0.5485
E1,10/17/2001,0.45395,0.4144,0.39705,0.3794,0.408,0.4645,0.62545,0.6921,0.61165,0.57275,0.5428,0.52675,0.56555,0.53565,0.54425,0.55995,0.6419,0.74145,0.8619,0.9707,0.93155,0.8545,0.68595,0.5241
E1,10/18/2001,0.4476,0.41355,0.3819,0.3807,0.3985,0.4552,0.6122,0.70505,0.59385,0.5868,0.5271,0.5383,0.5336,0.5234,0.5101,0.5427,0.604,0.70225,0.8421,0.91975,0.9057,0.8287,0.69355,0.5652
E1,10/19/2001,0.47255,0.42165,0.3972,0.3821,0.4026,0.462,0.60025,0.6987,0.6486,0.59155,0.55925,0.55425,0.5567,0.52675,0.54225,0.56035,0.6088,0.7106,0.8364,0.8889,0.84635,0.79415,0.68005,0.55665
E1,10/20/2001,0.48685,0.4338,0.4046,0.38915,0.3932,0.40885,0.4676,0.59075,0.64415,0.6778,0.68515,0.6626,0.6523,0.62605,0.6065,0.64855,0.6795,0.7455,0.8704,0.9178,0.8335,0.7697,0.6767,0.5796
E1,10/21/2001,0.5175,0.45725,0.4219,0.405,0.41085,0.4279,0.4739,0.56,0.68745,0.74105,0.7651,0.7703,0.71035,0.7235,0.71145,0.6886,0.7315,0.8192,0.9369,1.05325,0.9718,0.8549,0.73735,0.59535
E1,10/22/2001,0.4916,0.43695,0.4097,0.4009,0.415,0.48315,0.64105,0.71985,0.6432,0.6137,0.6015,0.57,0.575,0.5542,0.5377,0.557,0.62625,0.74915,0.93555,1.0328,0.98475,0.8652,0.70865,0.57435
E1,10/23/2001,0.46525,0.4251,0.40095,0.3875,0.40385,0.47255,0.6405,0.7196,0.6479,0.5785,0.5364,0.53815,0.5403,0.53855,0.5524,0.58445,0.6234,0.76535,0.92795,1.0028,0.94945,0.8689,0.71365,0.57365
E1,10/24/2001,0.46595,0.48,0.428,0.4131,0.4077,0.4639,0.6505,0.75445,0.6251,0.59895,0.5681,0.54445,0.5295,0.52845,0.5344,0.5691,0.61815,0.7186,0.90105,1.0029,0.92655,0.82985,0.6813,0.5557
E1,10/25/2001,0.461,0.425,0.38415,0.3785,0.39725,0.47685,0.64315,0.7359,0.6554,0.60565,0.58685,0.562,0.5488,0.5311,0.52485,0.5486,0.6079,0.7293,0.8801,0.92245,0.87195,0.82385,0.69895,0.5589
E1,10/26/2001,0.485,0.4321,0.3978,0.3741,0.40615,0.4783,0.61715,0.722,0.64815,0.61625,0.61305,0.5608,0.565,0.53675,0.5245,0.57545,0.62155,0.73575,0.88565,0.9199,0.8704,0.7852,0.69585,0.57535
E1,10/27/2001,0.49435,0.44335,0.42565,0.40325,0.40425,0.4289,0.4921,0.61945,0.6911,0.70935,0.73615,0.74635,0.70075,0.66145,0.68115,0.6662,0.71365,0.77465,0.8938,0.9411,0.88595,0.83305,0.7456,0.6367
E1,10/28/2001,0.52145,0.4504,0.40405,0.41085,0.4217,0.4509,0.5411,0.64535,0.73655,0.77775,0.72515,0.7372,0.74365,0.70635,0.70405,0.7373,0.83125,1.02915,1.0353,0.9853,0.93395,0.77575,0.6364,0.5195
E1,10/29/2001,0.4531,0.41635,0.38585,0.39205,0.41435,0.48185,0.6885,0.7237,0.62335,0.59865,0.5736,0.5593,0.54565,0.54515,0.56105,0.6032,0.7112,0.94685,1.05255,0.94785,0.9071,0.80185,0.6638,0.524
E1,10/30/2001,0.44145,0.40845,0.39945,0.396,0.41965,0.5012,0.6781,0.7247,0.6463,0.64275,0.6274,0.59985,0.58375,0.58345,0.5767,0.61315,0.72375,0.9737,1.0454,0.999,0.95235,0.8465,0.675,0.54375
E1,10/31/2001,0.45455,0.41155,0.39175,0.393,0.4065,0.485,0.68845,0.69575,0.6361,0.58525,0.57375,0.5535,0.54465,0.5139,0.531,0.55565,0.6784,0.89645,0.9094,0.8997,0.85605,0.802,0.66815,0.5353
E1,11/01/2001,0.45575,0.4062,0.3923,0.3953,0.40865,0.4836,0.68885,0.7232,0.6536,0.60945,0.5904,0.57085,0.5314,0.515,0.51795,0.5532,0.6215,0.8639,0.98365,0.95915,0.8984,0.83415,0.6982,0.5402
E1,11/02/2001,0.4699,0.4097,0.40345,0.39935,0.4207,0.5056,0.71875,0.7408,0.65075,0.5874,0.5942,0.5689,0.5668,0.55845,0.5374,0.56805,0.6455,0.8253,0.9188,0.85535,0.81835,0.75475,0.6738,0.5709
E1,11/03/2001,0.49855,0.44385,0.41775,0.4229,0.42615,0.45555,0.55805,0.67125,0.74155,0.7767,0.72595,0.72345,0.70335,0.65055,0.6597,0.65845,0.762,0.9551,1.0082,0.9129,0.8898,0.8173,0.7122,0.60175
E1,11/04/2001,0.5143,0.4519,0.4134,0.4172,0.4064,0.44275,0.53525,0.6379,0.6909,0.71375,0.7248,0.7063,0.7038,0.65985,0.66065,0.69195,0.8085,1.0477,1.0531,1.0022,0.9322,0.81275,0.6335,0.5368
E1,11/05/2001,0.44055,0.4079,0.3957,0.39925,0.4195,0.48105,0.6827,0.71315,0.6425,0.5989,0.5547,0.5605,0.54765,0.5028,0.51135,0.56745,0.6404,0.9328,0.99575,1.02115,0.9301,0.83115,0.6844,0.53305
E1,11/06/2001,0.4446,0.40845,0.39495,0.4054,0.42515,0.5175,0.6952,0.7593,0.6162,0.6017,0.56775,0.5626,0.5404,0.50275,0.5171,0.5521,0.645,0.9186,1.0159,1.0005,0.9348,0.822,0.7058,0.5473
E1,11/07/2001,0.4637,0.41925,0.41585,0.41895,0.42755,0.51075,0.6893,0.75625,0.66405,0.611,0.59665,0.5794,0.56425,0.5346,0.5271,0.5727,0.70695,0.9227,1.0289,1.00235,0.9351,0.8389,0.7044,0.571
E1,11/08/2001,0.46825,0.42795,0.41925,0.42565,0.438,0.5189,0.7225,0.75615,0.6612,0.6155,0.5838,0.5334,0.5291,0.50185,0.50325,0.53785,0.65055,0.8904,0.996,0.9533,0.90245,0.8155,0.68015,0.54845
E1,11/09/2001,0.451,0.4123,0.39275,0.40365,0.41865,0.49985,0.6821,0.73525,0.63695,0.6197,0.6097,0.55535,0.56635,0.5491,0.513,0.5486,0.64785,0.84045,0.8924,0.87935,0.85,0.76935,0.668,0.5589
E1,11/10/2001,0.4904,0.42845,0.40285,0.40435,0.4071,0.44385,0.53685,0.6432,0.7071,0.71155,0.71555,0.6899,0.66575,0.67315,0.69475,0.73465,0.8425,0.9821,0.98605,0.90665,0.86555,0.79215,0.70765,0.59745
E1,11/11/2001,0.4933,0.45705,0.422,0.41775,0.41975,0.4245,0.50025,0.5932,0.6712,0.7308,0.75425,0.7606,0.76445,0.74895,0.74285,0.73725,0.78255,1.03065,1.0271,0.992,0.9282,0.82925,0.68775,0.562
E1,11/12/2001,0.48335,0.4313,0.4117,0.39615,0.3988,0.4439,0.55655,0.67185,0.71555,0.7827,0.7675,0.801,0.77605,0.7567,0.7385,0.7503,0.80195,1.0219,1.08605,1.03295,0.96055,0.8546,0.71055,0.5743
E1,11/13/2001,0.4798,0.44235,0.4262,0.42565,0.42845,0.4993,0.66645,0.71375,0.6511,0.6593,0.59395,0.58005,0.56115,0.5569,0.5676,0.6289,0.71415,0.97905,1.035,0.9992,0.93905,0.8364,0.7067,0.58215
E1,11/14/2001,0.4784,0.44005,0.4074,0.40995,0.4278,0.49555,0.69175,0.71985,0.64565,0.6263,0.6153,0.5817,0.57685,0.56345,0.5509,0.56725,0.67125,0.93025,1.04255,0.9896,0.9264,0.82215,0.69275,0.5707
E1,11/15/2001,0.47685,0.4409,0.40475,0.3959,0.4171,0.478,0.67105,0.69085,0.6318,0.5979,0.6042,0.60535,0.59135,0.56205,0.55645,0.59135,0.7055,0.9192,1.0325,0.97295,0.9382,0.84325,0.70405,0.57245
E1,11/16/2001,0.47575,0.4068,0.40085,0.3942,0.4108,0.4937,0.64895,0.69965,0.64355,0.6153,0.60615,0.59365,0.59,0.5871,0.57135,0.6187,0.6807,0.9227,0.99805,0.94545,0.8932,0.8068,0.7208,0.5863
E1,11/17/2001,0.50265,0.45905,0.4203,0.418,0.41535,0.4532,0.53725,0.6571,0.7313,0.7711,0.8021,0.7416,0.7346,0.66,0.6498,0.6561,0.7321,0.93645,0.9773,0.91655,0.83085,0.789,0.725,0.6234
E1,11/18/2001,0.5201,0.46835,0.42485,0.41715,0.4166,0.43185,0.53465,0.65565,0.7419,0.78505,0.77915,0.7573,0.7629,0.7446,0.70365,0.75505,0.87075,1.0529,1.05815,0.9862,0.9051,0.83005,0.6936,0.5481
E1,11/19/2001,0.46405,0.4201,0.3877,0.3991,0.40615,0.46555,0.66255,0.72705,0.6781,0.6483,0.6193,0.6023,0.6148,0.577,0.6073,0.60745,0.7223,0.9946,1.1081,1.05855,0.9604,0.86115,0.72315,0.5925
E1,11/20/2001,0.4898,0.44885,0.40875,0.40075,0.41815,0.473,0.65355,0.7486,0.7045,0.6692,0.6753,0.6087,0.59145,0.5827,0.5829,0.59925,0.6735,0.9473,1.03915,1.01155,0.9509,0.8637,0.72675,0.5825
E1,11/21/2001,0.48435,0.4318,0.394,0.38995,0.40855,0.4697,0.63965,0.7281,0.6992,0.69065,0.72905,0.68875,0.68095,0.69125,0.7177,0.7534,0.8728,1.04435,1.0851,1.03755,0.97545,0.90705,0.78825,0.64095
E1,11/22/2001,0.5571,0.48435,0.4341,0.40935,0.41825,0.45315,0.56925,0.7216,0.8542,0.9371,0.97355,0.98095,0.9443,0.9039,0.87055,0.8834,0.88805,0.9099,0.88655,0.87255,0.82545,0.77735,0.7108,0.6253
E1,11/23/2001,0.53175,0.44995,0.4189,0.41445,0.443,0.4551,0.54215,0.64855,0.7532,0.75155,0.7611,0.7737,0.71595,0.68475,0.6857,0.7156,0.8089,0.96365,0.97085,0.9583,0.9143,0.857,0.7446,0.62585
E1,11/24/2001,0.5292,0.46505,0.43455,0.43375,0.4382,0.4415,0.52965,0.5893,0.6863,0.7387,0.8012,0.8062,0.76185,0.725,0.72965,0.7496,0.8146,0.9926,1.03815,1.03015,0.96455,0.8917,0.8079,0.65815
E1,11/25/2001,0.5727,0.51355,0.473,0.4798,0.46955,0.4886,0.5488,0.68725,0.77385,0.84915,0.8639,0.8597,0.87495,0.8782,0.8187,0.8324,0.9181,1.15775,1.1928,1.1301,1.0539,1.0018,0.833,0.67315
E1,11/26/2001,0.5277,0.487,0.4437,0.4553,0.4839,0.56635,0.77495,0.8889,0.76755,0.72915,0.69815,0.63285,0.61425,0.6282,0.61225,0.6623,0.8091,1.08445,1.21195,1.17775,1.1221,1.01175,0.834,0.6546
E1,11/27/2001,0.5619,0.49615,0.4761,0.48755,0.52215,0.62335,0.81495,0.91305,0.82785,0.7228,0.66435,0.64575,0.6662,0.61235,0.59355,0.62905,0.75805,1.12565,1.1663,1.14235,1.10885,1.0013,0.8124,0.64975
E1,11/28/2001,0.5384,0.49995,0.4691,0.4672,0.4986,0.58355,0.79345,0.88195,0.7982,0.7501,0.72945,0.71045,0.6872,0.6625,0.68555,0.74435,0.9384,1.15405,1.20835,1.16315,1.1071,1.0149,0.81465,0.6532
E1,11/29/2001,0.52995,0.4925,0.44885,0.44865,0.47585,0.5487,0.76185,0.83855,0.75355,0.7541,0.68815,0.6645,0.6269,0.6201,0.6025,0.63495,0.77565,1.0405,1.1315,1.09275,1.05085,0.93505,0.7932,0.62315
E1,11/30/2001,0.54165,0.4981,0.4628,0.47115,0.47995,0.57935,0.7862,0.8943,0.82755,0.74205,0.7032,0.6383,0.6141,0.59735,0.58155,0.58855,0.74665,1.0307,1.0793,1.0596,1.042,0.94005,0.80325,0.6801
E1,12/01/2001,0.58135,0.5072,0.479,0.46955,0.48725,0.5039,0.6051,0.7311,0.89815,0.9748,0.93075,0.9005,0.87245,0.8665,0.81705,0.87555,0.97225,1.1419,1.1475,1.1019,1.04595,0.9746,0.85,0.73775
E1,12/02/2001,0.61205,0.55495,0.49815,0.4794,0.48705,0.50225,0.5748,0.6613,0.8356,0.89065,0.86215,0.8813,0.88265,0.88895,0.89885,0.90085,0.9865,1.1602,1.1712,1.1115,1.0741,0.9786,0.82125,0.6619
E1,12/03/2001,0.5371,0.5064,0.4763,0.48545,0.502,0.56865,0.7738,0.85155,0.7474,0.68155,0.65455,0.6657,0.6407,0.65335,0.64095,0.682,0.78695,1.0594,1.2456,1.17155,1.18095,1.0601,0.86835,0.68375
E1,12/04/2001,0.57365,0.53975,0.50865,0.5102,0.5337,0.6262,0.81585,0.90365,0.79045,0.7273,0.6787,0.6614,0.64205,0.60475,0.6281,0.655,0.84165,1.12755,1.20825,1.1421,1.11435,1.01775,0.86145,0.6992
E1,12/05/2001,0.5723,0.5201,0.50145,0.50145,0.52355,0.6186,0.8232,0.9049,0.78985,0.74735,0.725,0.71955,0.6926,0.69255,0.685,0.7383,0.87915,1.1367,1.1512,1.15125,1.1028,1.00925,0.84765,0.6697
E1,12/06/2001,0.56135,0.5076,0.4854,0.48065,0.5036,0.61315,0.7591,0.8239,0.73885,0.71515,0.6686,0.65575,0.64215,0.6359,0.60135,0.62745,0.7702,1.021,1.1345,1.1114,1.07245,0.98795,0.8277,0.6403
E1,12/07/2001,0.5515,0.49945,0.46325,0.4643,0.4957,0.56015,0.75785,0.85825,0.7729,0.7176,0.68825,0.65535,0.6385,0.5843,0.5472,0.5951,0.76415,1.01615,1.05975,1.0111,1.0031,0.93065,0.81835,0.67995
E1,12/08/2001,0.58545,0.51985,0.49715,0.4947,0.50585,0.5457,0.6704,0.775,0.8509,0.8669,0.9079,0.86485,0.7862,0.7472,0.72015,0.71235,0.82325,1.05345,1.11465,1.0644,1.03165,0.98845,0.86215,0.72455
E1,12/09/2001,0.60145,0.54855,0.5049,0.4931,0.4973,0.53395,0.61825,0.72215,0.85095,0.90435,0.95085,0.96135,0.91515,0.844,0.78895,0.8148,0.92815,1.17705,1.25575,1.20355,1.18105,1.0965,0.9336,0.73525
E1,12/10/2001,0.6149,0.54135,0.5105,0.49945,0.52465,0.61975,0.85745,0.9172,0.8144,0.7708,0.74195,0.68625,0.67375,0.6564,0.60355,0.6951,0.82465,1.13505,1.28805,1.2475,1.21755,1.09435,0.89045,0.69805
E1,12/11/2001,0.573,0.5397,0.5016,0.49685,0.53845,0.6322,0.8466,0.92605,0.8439,0.7727,0.7011,0.63645,0.6606,0.61925,0.593,0.6654,0.82535,1.1218,1.22235,1.19045,1.1641,1.0648,0.87995,0.7036
E1,12/12/2001,0.565,0.51975,0.50595,0.5089,0.53545,0.63935,0.85275,0.88045,0.76605,0.7135,0.6859,0.68955,0.6523,0.63345,0.61035,0.6581,0.77965,1.1218,1.2202,1.1997,1.16995,1.0538,0.88235,0.6935
E1,12/13/2001,0.59,0.5199,0.4935,0.50305,0.5357,0.6274,0.85305,0.93365,0.8255,0.78815,0.69595,0.6562,0.61735,0.61915,0.66745,0.699,0.86185,1.1466,1.2349,1.22445,1.16415,1.0584,0.9155,0.73185
E1,12/14/2001,0.5941,0.5306,0.5056,0.4926,0.5156,0.5931,0.8068,0.88795,0.814,0.75985,0.747,0.7142,0.6764,0.64275,0.65965,0.6598,0.7887,1.1344,1.2045,1.14665,1.14505,1.01945,0.8942,0.738
E1,12/15/2001,0.6213,0.5987,0.56085,0.54395,0.55455,0.6135,0.7012,0.87305,0.93515,0.94875,0.90925,0.85685,0.80615,0.77535,0.7863,0.81195,0.91695,1.15685,1.2236,1.1983,1.1343,1.07895,0.91415,0.7671
E1,12/16/2001,0.6574,0.5898,0.5537,0.54805,0.54395,0.55575,0.63895,0.76815,0.91305,0.9257,0.98215,0.94115,0.8777,0.8611,0.8491,0.8529,1.01255,1.22995,1.3152,1.24395,1.2064,1.10365,0.93715,0.7569
E1,12/17/2001,0.61685,0.51725,0.47625,0.48355,0.49305,0.5709,0.7779,0.89455,0.82335,0.75555,0.7318,0.72175,0.7204,0.6886,0.6711,0.71225,0.79675,1.11065,1.28635,1.2468,1.22065,1.12165,0.9203,0.69605
E1,12/18/2001,0.564,0.50775,0.4775,0.492,0.5222,0.592,0.78565,0.8957,0.79265,0.75175,0.72475,0.69035,0.6584,0.6387,0.61555,0.64205,0.7929,1.1147,1.2399,1.22875,1.1787,1.06015,0.8964,0.7174
E1,12/19/2001,0.59925,0.53135,0.50645,0.49225,0.52665,0.60095,0.8126,0.887,0.8296,0.77295,0.7139,0.67555,0.64995,0.61955,0.6335,0.68745,0.87245,1.15095,1.27785,1.25565,1.2176,1.10275,0.95275,0.7499
E1,12/20/2001,0.6244,0.5303,0.4972,0.49955,0.52255,0.6042,0.8029,0.8538,0.83485,0.8335,0.78855,0.75295,0.7432,0.7426,0.70975,0.7927,0.9292,1.1853,1.3005,1.2759,1.23605,1.0955,0.90525,0.75055
E1,12/21/2001,0.61115,0.5355,0.4915,0.49675,0.514,0.6021,0.7872,0.868,0.85995,0.8424,0.7839,0.7433,0.69005,0.6795,0.72205,0.8099,0.9216,1.2058,1.26575,1.19805,1.1415,1.0689,0.9318,0.7839
E1,12/22/2001,0.63585,0.57425,0.5333,0.49525,0.50565,0.52985,0.62295,0.77165,0.9333,1.01555,1.0237,0.9902,1.03395,0.9296,0.9006,0.91175,1.04085,1.24105,1.2644,1.19475,1.16085,1.0608,0.95015,0.78425
E1,12/23/2001,0.65405,0.5543,0.49585,0.48855,0.48995,0.5039,0.58425,0.73165,0.8605,0.8582,0.8732,0.86585,0.8121,0.8185,0.7868,0.75235,0.8241,1.08865,1.2475,1.17375,1.19765,1.10945,0.9449,0.81375
E1,12/24/2001,0.69125,0.5888,0.5482,0.52475,0.55195,0.58475,0.7014,0.8128,0.9506,0.95365,0.9291,0.9189,0.86955,0.8655,0.83145,0.84005,0.93465,1.1409,1.2123,1.1367,1.12535,1.0374,0.9427,0.838
E1,12/25/2001,0.71425,0.6332,0.5574,0.5244,0.5307,0.5363,0.62005,0.7585,0.91845,1.00385,1.00065,0.9857,1.04795,1.007,0.9449,0.9244,1.0028,1.13035,1.11525,1.1086,1.08925,1.0161,0.8679,0.7142
E1,12/26/2001,0.6092,0.5303,0.4873,0.4841,0.4937,0.5288,0.641,0.71695,0.82805,0.83735,0.86695,0.83315,0.826,0.8182,0.81575,0.816,0.87935,1.17485,1.2926,1.2055,1.15775,1.0568,0.88075,0.70815
E1,12/27/2001,0.59245,0.5407,0.4999,0.49815,0.51835,0.55535,0.6662,0.7615,0.8282,0.852,0.85525,0.82955,0.80755,0.7828,0.7873,0.8049,0.91985,1.15645,1.1618,1.1731,1.1141,0.99375,0.8596,0.6808
E1,12/28/2001,0.57965,0.52085,0.48065,0.4665,0.5003,0.53195,0.6266,0.72385,0.80145,0.88505,0.9451,0.92095,0.85065,0.8553,0.82235,0.8592,0.95225,1.10865,1.24435,1.15775,1.1096,1.00095,0.8915,0.73755
E1,12/29/2001,0.61855,0.5219,0.5123,0.479,0.47265,0.49195,0.5469,0.6542,0.762,0.83755,0.85765,0.9276,0.8981,0.86955,0.8766,0.8537,0.8992,1.0634,1.1172,1.089,1.06135,0.9784,0.83545,0.69585
E1,12/30/2001,0.57955,0.5092,0.47295,0.45645,0.4645,0.47525,0.5075,0.6237,0.7173,0.8217,0.8697,0.8721,0.87855,0.91155,0.87835,0.89965,0.97015,1.1115,1.1116,1.08,1.0578,0.9277,0.81845,0.68455
E1,12/31/2001,0.56005,0.4984,0.4632,0.4393,0.4589,0.48995,0.5832,0.68085,0.78875,0.7871,0.81595,0.8179,0.79425,0.747,0.7751,0.77835,0.85935,1.11145,1.19805,1.1232,1.01935,0.89405,0.84275,0.7491
