bldg_id,in.county,in.vacancy_status,in.cec_climate_zone,stratum,weight,study_weight,inclusion_probability,out.electricity.total.energy_consumption..kwh
5412,G0600010,Occupied,3,Single-Family Attached | no cooling,253.90367272727272,2132.7908509090908,0.11904761904761904,5078.921646565999
8849,G0600010,Occupied,3,Single-Family Detached | cooling installed,253.90367272727272,2287.7239083487943,0.11098527746319366,4422.7355203882
9879,G0600010,Occupied,3,Single-Family Attached | cooling installed,253.90367272727272,2344.875095187166,0.10828025477707007,12052.254690904801
11043,G0600010,Occupied,12,Single-Family Detached | cooling installed,253.90367272727272,2287.7239083487943,0.11098527746319366,14411.4768060148
12266,G0600010,Occupied,12,Single-Family Detached | cooling installed,253.90367272727272,2287.7239083487943,0.11098527746319366,15873.3153041724
14878,G0600010,Occupied,3,Single-Family Detached | cooling installed,253.90367272727272,2287.7239083487943,0.11098527746319366,7339.964953159
18550,G0600010,Occupied,3,Multi-Family with 2 - 4 Units | no cooling,253.90367272727272,2377.4616628099175,0.10679611650485436,2500.7754420165998
20843,G0600010,Occupied,3,Multi-Family with 5+ Units | cooling installed,253.90367272727272,2306.291693939394,0.11009174311926606,5724.2641431464
21684,G0600010,Occupied,12,Single-Family Detached | cooling installed,253.90367272727272,2287.7239083487943,0.11098527746319366,7325.311399649
22793,G0600010,Occupied,3,Multi-Family with 2 - 4 Units | no cooling,253.90367272727272,2377.4616628099175,0.10679611650485436,2406.9926995526
25061,G0600010,Occupied,3,Mobile Home | cooling installed,253.90367272727272,1946.5948242424236,0.13043478260869565,6027.885771873601
27069,G0600010,Occupied,3,Single-Family Detached | cooling installed,253.90367272727272,2287.7239083487943,0.11098527746319366,11703.793188437001
27869,G0600010,Occupied,3,Multi-Family with 5+ Units | no cooling,253.90367272727272,2348.608972727273,0.10810810810810811,2585.1799102342
30988,G0600010,Occupied,3,Multi-Family with 5+ Units | cooling installed,253.90367272727272,2306.291693939394,0.11009174311926606,4573.0809794008
31112,G0600010,Occupied,12,Single-Family Detached | cooling installed,253.90367272727272,2287.7239083487943,0.11098527746319366,21042.209769289802
31599,G0600010,Occupied,3,Multi-Family with 5+ Units | cooling installed,253.90367272727272,2306.291693939394,0.11009174311926606,6717.188928984001
32272,G0600010,Occupied,3,Single-Family Detached | cooling installed,253.90367272727272,2287.7239083487943,0.11098527746319366,7577.352520021001
32896,G0600010,Occupied,3,Multi-Family with 5+ Units | no cooling,253.90367272727272,2348.608972727273,0.10810810810810811,4335.693412538801
32950,G0600010,Occupied,3,Single-Family Detached | cooling installed,253.90367272727272,2287.7239083487943,0.11098527746319366,13124.0155946262
36026,G0600010,Occupied,12,Single-Family Detached | cooling installed,253.90367272727272,2287.7239083487943,0.11098527746319366,19373.463095571
37056,G0600010,Occupied,3,Multi-Family with 5+ Units | cooling installed,253.90367272727272,2306.291693939394,0.11009174311926606,4464.3516123566005
41339,G0600010,Occupied,3,Single-Family Detached | cooling installed,253.90367272727272,2287.7239083487943,0.11098527746319366,5592.3821615564
42040,G0600010,Occupied,3,Single-Family Detached | cooling installed,253.90367272727272,2287.7239083487943,0.11098527746319366,4368.8104434714005
43212,G0600010,Occupied,3,Single-Family Detached | cooling installed,253.90367272727272,2287.7239083487943,0.11098527746319366,5945.825872217601
43697,G0600010,Occupied,3,Multi-Family with 5+ Units | no cooling,253.90367272727272,2348.608972727273,0.10810810810810811,3003.3923274096
44877,G0600010,Occupied,3,Single-Family Detached | cooling installed,253.90367272727272,2287.7239083487943,0.11098527746319366,4342.1409760832
46563,G0600010,Occupied,3,Multi-Family with 5+ Units | cooling installed,253.90367272727272,2306.291693939394,0.11009174311926606,2683.065647681
59178,G0600010,Occupied,3,Multi-Family with 2 - 4 Units | no cooling,253.90367272727272,2377.4616628099175,0.10679611650485436,3758.3434042448002
61010,G0600010,Occupied,3,Multi-Family with 5+ Units | no cooling,253.90367272727272,2348.608972727273,0.10810810810810811,1824.3674119949999
61818,G0600010,Occupied,3,Multi-Family with 5+ Units | cooling installed,253.90367272727272,2306.291693939394,0.11009174311926606,7274.023962364
62391,G0600010,Occupied,3,Multi-Family with 5+ Units | cooling installed,253.90367272727272,2306.291693939394,0.11009174311926606,4471.6783891116
64097,G0600010,Occupied,3,Multi-Family with 5+ Units | cooling installed,253.90367272727272,2306.291693939394,0.11009174311926606,5476.6190888274
65270,G0600010,Occupied,3,Single-Family Detached | cooling installed,253.90367272727272,2287.7239083487943,0.11098527746319366,7504.6708946114
66042,G0600010,Occupied,3,Single-Family Detached | no cooling,253.90367272727272,2319.444361670762,0.10946745562130178,14672.3100584928
70307,G0600010,Occupied,3,Single-Family Detached | cooling installed,253.90367272727272,2287.7239083487943,0.11098527746319366,5377.854138170001
70959,G0600010,Occupied,12,Single-Family Detached | cooling installed,253.90367272727272,2287.7239083487943,0.11098527746319366,12472.5186055716
73057,G0600010,Occupied,3,Single-Family Detached | cooling installed,253.90367272727272,2287.7239083487943,0.11098527746319366,9763.3696326428
74598,G0600010,Occupied,3,Single-Family Detached | cooling installed,253.90367272727272,2287.7239083487943,0.11098527746319366,6605.2357801676
74956,G0600010,Occupied,3,Multi-Family with 5+ Units | cooling installed,253.90367272727272,2306.291693939394,0.11009174311926606,4786.1436474362
75449,G0600010,Occupied,12,Single-Family Detached | no cooling,253.90367272727272,2319.444361670762,0.10946745562130178,19309.5736022674
79288,G0600010,Occupied,3,Single-Family Detached | cooling installed,253.90367272727272,2287.7239083487943,0.11098527746319366,18757.134634940398
80653,G0600010,Occupied,3,Single-Family Detached | cooling installed,253.90367272727272,2287.7239083487943,0.11098527746319366,10281.226213686201
83128,G0600010,Occupied,3,Single-Family Detached | cooling installed,253.90367272727272,2287.7239083487943,0.11098527746319366,3937.1167570668
84727,G0600010,Occupied,3,Single-Family Detached | no cooling,253.90367272727272,2319.444361670762,0.10946745562130178,7853.1323970792
84737,G0600010,Occupied,3,Single-Family Detached | no cooling,253.90367272727272,2319.444361670762,0.10946745562130178,4870.5481156538
87105,G0600010,Occupied,3,Single-Family Detached | cooling installed,253.90367272727272,2287.7239083487943,0.11098527746319366,10649.6165489276
87904,G0600010,Occupied,12,Single-Family Detached | cooling installed,253.90367272727272,2287.7239083487943,0.11098527746319366,4476.3675262348
87943,G0600010,Occupied,3,Single-Family Detached | cooling installed,253.90367272727272,2287.7239083487943,0.11098527746319366,5815.116174908399
92650,G0600010,Occupied,12,Single-Family Attached | cooling installed,253.90367272727272,2344.875095187166,0.10828025477707007,6089.7237676858
94819,G0600010,Occupied,3,Single-Family Detached | cooling installed,253.90367272727272,2287.7239083487943,0.11098527746319366,7896.799986539
95570,G0600010,Occupied,12,Single-Family Detached | cooling installed,253.90367272727272,2287.7239083487943,0.11098527746319366,13211.057702475602
102133,G0600010,Occupied,3,Multi-Family with 5+ Units | cooling installed,253.90367272727272,2306.291693939394,0.11009174311926606,4917.1464158155995
103896,G0600010,Occupied,3,Single-Family Detached | cooling installed,253.90367272727272,2287.7239083487943,0.11098527746319366,2870.9242036791998
107458,G0600010,Occupied,3,Multi-Family with 5+ Units | cooling installed,253.90367272727272,2306.291693939394,0.11009174311926606,8097.8467406962
107511,G0600010,Occupied,3,Single-Family Detached | cooling installed,253.90367272727272,2287.7239083487943,0.11098527746319366,12935.863967557802
110472,G0600010,Occupied,3,Single-Family Detached | cooling installed,253.90367272727272,2287.7239083487943,0.11098527746319366,6378.691842903
110778,G0600010,Occupied,3,Multi-Family with 5+ Units | no cooling,253.90367272727272,2348.608972727273,0.10810810810810811,2958.8455247392003
112819,G0600010,Occupied,3,Multi-Family with 5+ Units | no cooling,253.90367272727272,2348.608972727273,0.10810810810810811,2345.4477748106
114168,G0600010,Occupied,3,Single-Family Detached | no cooling,253.90367272727272,2319.444361670762,0.10946745562130178,7997.6164346878
117542,G0600010,Occupied,3,Single-Family Detached | cooling installed,253.90367272727272,2287.7239083487943,0.11098527746319366,4855.8945621438
118482,G0600010,Occupied,3,Multi-Family with 5+ Units | cooling installed,253.90367272727272,2306.291693939394,0.11009174311926606,5267.3663447046
120095,G0600010,Occupied,3,Multi-Family with 2 - 4 Units | cooling installed,253.90367272727272,2268.206143030303,0.11194029850746269,3441.5335773586003
121535,G0600010,Occupied,12,Single-Family Detached | cooling installed,253.90367272727272,2287.7239083487943,0.11098527746319366,3991.627976124
122149,G0600010,Occupied,3,Multi-Family with 5+ Units | no cooling,253.90367272727272,2348.608972727273,0.10810810810810811,2860.6667162221997
123958,G0600010,Occupied,3,Single-Family Attached | cooling installed,253.90367272727272,2344.875095187166,0.10828025477707007,8419.3457047056
124273,G0600010,Occupied,3,Multi-Family with 2 - 4 Units | no cooling,253.90367272727272,2377.4616628099175,0.10679611650485436,11997.743471847602
126214,G0600010,Occupied,3,Multi-Family with 5+ Units | no cooling,253.90367272727272,2348.608972727273,0.10810810810810811,4800.2110588058
126715,G0600010,Occupied,3,Single-Family Detached | no cooling,253.90367272727272,2319.444361670762,0.10946745562130178,9745.7853684308
126896,G0600010,Occupied,3,Single-Family Detached | cooling installed,253.90367272727272,2287.7239083487943,0.11098527746319366,9910.198238813
127991,G0600010,Occupied,3,Single-Family Detached | cooling installed,253.90367272727272,2287.7239083487943,0.11098527746319366,13717.4845117812
130115,G0600010,Occupied,3,Single-Family Detached | no cooling,253.90367272727272,2319.444361670762,0.10946745562130178,3321.3744385766004
132313,G0600010,Occupied,3,Single-Family Detached | cooling installed,253.90367272727272,2287.7239083487943,0.11098527746319366,9559.0990967134
134186,G0600010,Occupied,3,Single-Family Attached | no cooling,253.90367272727272,2132.7908509090908,0.11904761904761904,11733.100295457
138984,G0600010,Occupied,3,Single-Family Detached | cooling installed,253.90367272727272,2287.7239083487943,0.11098527746319366,3989.8695497028
141123,G0600010,Occupied,12,Single-Family Detached | cooling installed,253.90367272727272,2287.7239083487943,0.11098527746319366,10267.4518733868
141293,G0600010,Occupied,3,Multi-Family with 5+ Units | cooling installed,253.90367272727272,2306.291693939394,0.11009174311926606,4360.0183113654
143480,G0600010,Occupied,3,Single-Family Detached | cooling installed,253.90367272727272,2287.7239083487943,0.11098527746319366,7031.9472583788
145322,G0600010,Occupied,3,Single-Family Detached | cooling installed,253.90367272727272,2287.7239083487943,0.11098527746319366,8608.962687125
150138,G0600010,Occupied,3,Single-Family Detached | no cooling,253.90367272727272,2319.444361670762,0.10946745562130178,3671.0082253252
152912,G0600010,Occupied,3,Single-Family Detached | no cooling,253.90367272727272,2319.444361670762,0.10946745562130178,6921.7525359836
153755,G0600010,Occupied,3,Multi-Family with 5+ Units | no cooling,253.90367272727272,2348.608972727273,0.10810810810810811,2030.6894454158
154016,G0600010,Occupied,3,Multi-Family with 5+ Units | cooling installed,253.90367272727272,2306.291693939394,0.11009174311926606,3132.6366693678
158960,G0600010,Occupied,3,Single-Family Detached | no cooling,253.90367272727272,2319.444361670762,0.10946745562130178,5198.4946432076
162818,G0600010,Occupied,3,Single-Family Detached | cooling installed,253.90367272727272,2287.7239083487943,0.11098527746319366,5764.4148797638
165955,G0600010,Occupied,3,Single-Family Attached | cooling installed,253.90367272727272,2344.875095187166,0.10828025477707007,10949.7213248124
166840,G0600010,Occupied,3,Single-Family Attached | cooling installed,253.90367272727272,2344.875095187166,0.10828025477707007,6446.098189049
169461,G0600010,Occupied,12,Single-Family Attached | cooling installed,253.90367272727272,2344.875095187166,0.10828025477707007,7550.096910492401
173669,G0600010,Occupied,3,Single-Family Detached | no cooling,253.90367272727272,2319.444361670762,0.10946745562130178,6454.0111079444
174554,G0600010,Occupied,12,Single-Family Detached | no cooling,253.90367272727272,2319.444361670762,0.10946745562130178,5218.130404911
175797,G0600010,Occupied,3,Single-Family Detached | cooling installed,253.90367272727272,2287.7239083487943,0.11098527746319366,11494.5404443142
179068,G0600010,Occupied,3,Multi-Family with 2 - 4 Units | cooling installed,253.90367272727272,2268.206143030303,0.11194029850746269,7248.5267792566
180510,G0600010,Occupied,3,Single-Family Detached | no cooling,253.90367272727272,2319.444361670762,0.10946745562130178,4378.481788788
180895,G0600010,Occupied,3,Multi-Family with 5+ Units | cooling installed,253.90367272727272,2306.291693939394,0.11009174311926606,8288.6360073964
183572,G0600010,Occupied,3,Single-Family Detached | cooling installed,253.90367272727272,2287.7239083487943,0.11098527746319366,5056.3551741606
183907,G0600010,Occupied,3,Multi-Family with 2 - 4 Units | cooling installed,253.90367272727272,2268.206143030303,0.11194029850746269,4033.8302102328
185483,G0600010,Occupied,3,Single-Family Detached | cooling installed,253.90367272727272,2287.7239083487943,0.11098527746319366,11054.640767944
185525,G0600010,Occupied,3,Single-Family Detached | cooling installed,253.90367272727272,2287.7239083487943,0.11098527746319366,3733.4323632778005
187700,G0600010,Occupied,3,Multi-Family with 5+ Units | no cooling,253.90367272727272,2348.608972727273,0.10810810810810811,3047.0599168694002
190797,G0600010,Occupied,3,Single-Family Detached | no cooling,253.90367272727272,2319.444361670762,0.10946745562130178,4167.470618244
197036,G0600010,Occupied,12,Single-Family Detached | no cooling,253.90367272727272,2319.444361670762,0.10946745562130178,8640.0282205662
198349,G0600010,Occupied,3,Multi-Family with 5+ Units | cooling installed,253.90367272727272,2306.291693939394,0.11009174311926606,5552.8175670794
198772,G0600010,Occupied,3,Mobile Home | no cooling,253.90367272727272,634.7591818181818,0.4,5062.509666634801
198863,G0600010,Occupied,3,Single-Family Detached | cooling installed,253.90367272727272,2287.7239083487943,0.11098527746319366,5008.291518647799
199272,G0600010,Occupied,3,Multi-Family with 5+ Units | cooling installed,253.90367272727272,2306.291693939394,0.11009174311926606,6769.062508409401
201119,G0600010,Occupied,3,Single-Family Detached | no cooling,253.90367272727272,2319.444361670762,0.10946745562130178,13243.295520197602
202307,G0600010,Occupied,3,Single-Family Detached | cooling installed,253.90367272727272,2287.7239083487943,0.11098527746319366,10430.399388418002
205194,G0600010,Occupied,3,Multi-Family with 2 - 4 Units | cooling installed,253.90367272727272,2268.206143030303,0.11194029850746269,2751.0581359674
207481,G0600010,Occupied,3,Multi-Family with 5+ Units | no cooling,253.90367272727272,2348.608972727273,0.10810810810810811,3105.9672019796003
210193,G0600010,Occupied,3,Single-Family Detached | cooling installed,253.90367272727272,2287.7239083487943,0.11098527746319366,8932.5131486258
211377,G0600010,Occupied,3,Single-Family Detached | cooling installed,253.90367272727272,2287.7239083487943,0.11098527746319366,9514.552294043002
212861,G0600010,Occupied,3,Multi-Family with 2 - 4 Units | cooling installed,253.90367272727272,2268.206143030303,0.11194029850746269,7455.728025888001
215971,G0600010,Occupied,3,Single-Family Detached | cooling installed,253.90367272727272,2287.7239083487943,0.11098527746319366,10896.382390036
216759,G0600010,Occupied,12,Single-Family Detached | cooling installed,253.90367272727272,2287.7239083487943,0.11098527746319366,7196.0670576908
217315,G0600010,Occupied,3,Multi-Family with 5+ Units | cooling installed,253.90367272727272,2306.291693939394,0.11009174311926606,3734.3115764884005
218052,G0600010,Occupied,3,Multi-Family with 5+ Units | cooling installed,253.90367272727272,2306.291693939394,0.11009174311926606,5610.5525679088
218531,G0600010,Occupied,3,Single-Family Detached | no cooling,253.90367272727272,2319.444361670762,0.10946745562130178,5255.057359756201
218778,G0600010,Occupied,3,Mobile Home | cooling installed,253.90367272727272,1946.5948242424236,0.13043478260869565,5940.2575218838
219396,G0600010,Occupied,3,Single-Family Attached | no cooling,253.90367272727272,2132.7908509090908,0.11904761904761904,3642.873402586
220443,G0600010,Occupied,3,Single-Family Detached | cooling installed,253.90367272727272,2287.7239083487943,0.11098527746319366,3913.0849293104
228078,G0600010,Occupied,3,Single-Family Detached | cooling installed,253.90367272727272,2287.7239083487943,0.11098527746319366,5189.409440031401
228481,G0600010,Occupied,12,Single-Family Detached | no cooling,253.90367272727272,2319.444361670762,0.10946745562130178,6028.1788429438
228706,G0600010,Occupied,3,Multi-Family with 5+ Units | no cooling,253.90367272727272,2348.608972727273,0.10810810810810811,1964.1623124804
233199,G0600010,Occupied,3,Single-Family Detached | no cooling,253.90367272727272,2319.444361670762,0.10946745562130178,4850.9123539504
234453,G0600010,Occupied,3,Multi-Family with 2 - 4 Units | cooling installed,253.90367272727272,2268.206143030303,0.11194029850746269,5000.3785997524
235713,G0600010,Occupied,3,Single-Family Detached | cooling installed,253.90367272727272,2287.7239083487943,0.11098527746319366,20068.6276740854
235952,G0600010,Occupied,3,Multi-Family with 5+ Units | no cooling,253.90367272727272,2348.608972727273,0.10810810810810811,8529.833498171
238912,G0600010,Occupied,3,Multi-Family with 5+ Units | cooling installed,253.90367272727272,2306.291693939394,0.11009174311926606,6966.5924097242005
239181,G0600010,Occupied,3,Multi-Family with 2 - 4 Units | no cooling,253.90367272727272,2377.4616628099175,0.10679611650485436,1822.0228434333999
240155,G0600010,Occupied,3,Multi-Family with 5+ Units | cooling installed,253.90367272727272,2306.291693939394,0.11009174311926606,2564.9580063904004
241123,G0600010,Occupied,3,Single-Family Attached | cooling installed,253.90367272727272,2344.875095187166,0.10828025477707007,11899.2715922604
241371,G0600010,Occupied,3,Single-Family Detached | cooling installed,253.90367272727272,2287.7239083487943,0.11098527746319366,12389.872563775201
242352,G0600010,Occupied,3,Single-Family Attached | cooling installed,253.90367272727272,2344.875095187166,0.10828025477707007,4921.2494107984
243488,G0600010,Occupied,3,Single-Family Attached | cooling installed,253.90367272727272,2344.875095187166,0.10828025477707007,8371.2820491928
245470,G0600010,Occupied,3,Single-Family Detached | cooling installed,253.90367272727272,2287.7239083487943,0.11098527746319366,4443.2504953022
245839,G0600010,Occupied,12,Single-Family Detached | cooling installed,253.90367272727272,2287.7239083487943,0.11098527746319366,12906.263789467599
253655,G0600010,Occupied,3,Multi-Family with 2 - 4 Units | no cooling,253.90367272727272,2377.4616628099175,0.10679611650485436,2763.9532630562
256563,G0600010,Occupied,3,Single-Family Detached | cooling installed,253.90367272727272,2287.7239083487943,0.11098527746319366,9615.661813262
261583,G0600010,Occupied,3,Multi-Family with 2 - 4 Units | cooling installed,253.90367272727272,2268.206143030303,0.11194029850746269,3297.9287529606
263240,G0600010,Occupied,3,Single-Family Detached | no cooling,253.90367272727272,2319.444361670762,0.10946745562130178,10830.734470311201
265301,G0600010,Occupied,3,Single-Family Detached | cooling installed,253.90367272727272,2287.7239083487943,0.11098527746319366,8172.8729346674
265606,G0600010,Occupied,3,Single-Family Detached | cooling installed,253.90367272727272,2287.7239083487943,0.11098527746319366,7877.1642248356
277875,G0600010,Occupied,3,Single-Family Detached | cooling installed,253.90367272727272,2287.7239083487943,0.11098527746319366,3771.2385313336003
278289,G0600010,Occupied,3,Single-Family Attached | cooling installed,253.90367272727272,2344.875095187166,0.10828025477707007,4347.4162553468
280474,G0600010,Occupied,3,Multi-Family with 5+ Units | cooling installed,253.90367272727272,2306.291693939394,0.11009174311926606,3178.6488273892
282518,G0600010,Occupied,3,Single-Family Detached | cooling installed,253.90367272727272,2287.7239083487943,0.11098527746319366,7820.8945793572
283905,G0600010,Occupied,3,Single-Family Attached | no cooling,253.90367272727272,2132.7908509090908,0.11904761904761904,4517.1044049926
284932,G0600010,Occupied,12,Single-Family Detached | no cooling,253.90367272727272,2319.444361670762,0.10946745562130178,4005.6953874936
285810,G0600010,Occupied,3,Single-Family Detached | no cooling,253.90367272727272,2319.444361670762,0.10946745562130178,6306.5963596338
287488,G0600010,Occupied,3,Single-Family Detached | cooling installed,253.90367272727272,2287.7239083487943,0.11098527746319366,6845.847128801801
289525,G0600010,Occupied,3,Multi-Family with 2 - 4 Units | cooling installed,253.90367272727272,2268.206143030303,0.11194029850746269,6359.64222334
292071,G0600010,Occupied,3,Single-Family Detached | no cooling,253.90367272727272,2319.444361670762,0.10946745562130178,9399.668434524601
292200,G0600010,Occupied,12,Single-Family Attached | cooling installed,253.90367272727272,2344.875095187166,0.10828025477707007,8364.248343508
292345,G0600010,Occupied,3,Multi-Family with 5+ Units | cooling installed,253.90367272727272,2306.291693939394,0.11009174311926606,5553.4037092198005
293578,G0600010,Occupied,3,Single-Family Detached | no cooling,253.90367272727272,2319.444361670762,0.10946745562130178,22707.7326612364
296520,G0600010,Occupied,12,Single-Family Detached | cooling installed,253.90367272727272,2287.7239083487943,0.11098527746319366,8095.7952432048
301113,G0600010,Occupied,3,Multi-Family with 5+ Units | cooling installed,253.90367272727272,2306.291693939394,0.11009174311926606,4541.136232749
301679,G0600010,Occupied,3,Single-Family Detached | cooling installed,253.90367272727272,2287.7239083487943,0.11098527746319366,5158.636977660401
302787,G0600010,Occupied,3,Single-Family Detached | cooling installed,253.90367272727272,2287.7239083487943,0.11098527746319366,12076.8726608016
303422,G0600010,Occupied,12,Single-Family Attached | cooling installed,253.90367272727272,2344.875095187166,0.10828025477707007,6016.749071206001
305781,G0600010,Occupied,3,Multi-Family with 5+ Units | no cooling,253.90367272727272,2348.608972727273,0.10810810810810811,3439.4820798672004
314174,G0600010,Occupied,3,Single-Family Detached | cooling installed,253.90367272727272,2287.7239083487943,0.11098527746319366,17449.7445907782
321746,G0600010,Occupied,3,Multi-Family with 2 - 4 Units | cooling installed,253.90367272727272,2268.206143030303,0.11194029850746269,7074.4425635578
322607,G0600010,Occupied,3,Single-Family Detached | no cooling,253.90367272727272,2319.444361670762,0.10946745562130178,6044.590822875
327695,G0600010,Occupied,3,Single-Family Detached | cooling installed,253.90367272727272,2287.7239083487943,0.11098527746319366,12874.612113886
329997,G0600010,Occupied,3,Multi-Family with 5+ Units | cooling installed,253.90367272727272,2306.291693939394,0.11009174311926606,4949.970375678
330564,G0600010,Occupied,12,Multi-Family with 5+ Units | cooling installed,253.90367272727272,2306.291693939394,0.11009174311926606,4052.0006165852
331506,G0600010,Occupied,3,Single-Family Detached | no cooling,253.90367272727272,2319.444361670762,0.10946745562130178,7677.289754959201
333051,G0600010,Occupied,3,Single-Family Detached | cooling installed,253.90367272727272,2287.7239083487943,0.11098527746319366,10697.387133370199
344443,G0600010,Occupied,3,Single-Family Detached | no cooling,253.90367272727272,2319.444361670762,0.10946745562130178,7833.203564305601
348518,G0600010,Occupied,12,Single-Family Detached | cooling installed,253.90367272727272,2287.7239083487943,0.11098527746319366,8691.608728921401
349876,G0600010,Occupied,3,Multi-Family with 5+ Units | cooling installed,253.90367272727272,2306.291693939394,0.11009174311926606,7086.1654063658
354026,G0600010,Occupied,3,Single-Family Detached | no cooling,253.90367272727272,2319.444361670762,0.10946745562130178,9029.519672862
354057,G0600010,Occupied,3,Multi-Family with 2 - 4 Units | no cooling,253.90367272727272,2377.4616628099175,0.10679611650485436,7158.8470317754
354079,G0600010,Occupied,3,Single-Family Detached | cooling installed,253.90367272727272,2287.7239083487943,0.11098527746319366,5782.5852861162
357666,G0600010,Occupied,3,Single-Family Detached | cooling installed,253.90367272727272,2287.7239083487943,0.11098527746319366,6855.811545188601
367033,G0600010,Occupied,3,Multi-Family with 5+ Units | cooling installed,253.90367272727272,2306.291693939394,0.11009174311926606,5946.998156498401
367565,G0600010,Occupied,3,Single-Family Attached | cooling installed,253.90367272727272,2344.875095187166,0.10828025477707007,11033.2465798194
371695,G0600010,Occupied,3,Multi-Family with 5+ Units | cooling installed,253.90367272727272,2306.291693939394,0.11009174311926606,12355.2901774916
374720,G0600010,Occupied,3,Single-Family Detached | no cooling,253.90367272727272,2319.444361670762,0.10946745562130178,5251.5405069138005
376967,G0600010,Occupied,3,Multi-Family with 5+ Units | no cooling,253.90367272727272,2348.608972727273,0.10810810810810811,4107.6841199232
377576,G0600010,Occupied,3,Mobile Home | no cooling,253.90367272727272,634.7591818181818,0.4,4134.0605162412
378903,G0600010,Occupied,3,Multi-Family with 5+ Units | cooling installed,253.90367272727272,2306.291693939394,0.11009174311926606,10458.241140087
383430,G0600010,Occupied,3,Multi-Family with 2 - 4 Units | cooling installed,253.90367272727272,2268.206143030303,0.11194029850746269,2996.0655506546004
384403,G0600010,Occupied,3,Single-Family Detached | cooling installed,253.90367272727272,2287.7239083487943,0.11098527746319366,5111.745606428401
385645,G0600010,Occupied,12,Single-Family Detached | cooling installed,253.90367272727272,2287.7239083487943,0.11098527746319366,10918.362720301002
388870,G0600010,Occupied,3,Single-Family Detached | no cooling,253.90367272727272,2319.444361670762,0.10946745562130178,12124.9363163144
393540,G0600010,Occupied,12,Multi-Family with 5+ Units | no cooling,253.90367272727272,2348.608972727273,0.10810810810810811,7450.1596755542005
393775,G0600010,Occupied,3,Single-Family Attached | cooling installed,253.90367272727272,2344.875095187166,0.10828025477707007,6415.0326556078
394387,G0600010,Occupied,3,Single-Family Detached | cooling installed,253.90367272727272,2287.7239083487943,0.11098527746319366,14760.231379552799
394839,G0600010,Occupied,3,Multi-Family with 2 - 4 Units | cooling installed,253.90367272727272,2268.206143030303,0.11194029850746269,2476.7436142602
399395,G0600010,Occupied,3,Multi-Family with 5+ Units | cooling installed,253.90367272727272,2306.291693939394,0.11009174311926606,6257.3604198402
402890,G0600010,Occupied,3,Single-Family Detached | cooling installed,253.90367272727272,2287.7239083487943,0.11098527746319366,8211.5583159338
408584,G0600010,Occupied,3,Single-Family Detached | cooling installed,253.90367272727272,2287.7239083487943,0.11098527746319366,16227.9312991144
409646,G0600010,Occupied,3,Multi-Family with 5+ Units | cooling installed,253.90367272727272,2306.291693939394,0.11009174311926606,5919.1564048294
414360,G0600010,Occupied,3,Multi-Family with 5+ Units | cooling installed,253.90367272727272,2306.291693939394,0.11009174311926606,6967.764694005
414450,G0600010,Occupied,3,Multi-Family with 2 - 4 Units | cooling installed,253.90367272727272,2268.206143030303,0.11194029850746269,3977.2674936842
415999,G0600010,Occupied,3,Single-Family Detached | cooling installed,253.90367272727272,2287.7239083487943,0.11098527746319366,5285.829822127201
417748,G0600010,Occupied,12,Single-Family Detached | no cooling,253.90367272727272,2319.444361670762,0.10946745562130178,6533.7264390388
419092,G0600010,Occupied,3,Multi-Family with 5+ Units | cooling installed,253.90367272727272,2306.291693939394,0.11009174311926606,4301.4040973254
422919,G0600010,Occupied,3,Multi-Family with 2 - 4 Units | no cooling,253.90367272727272,2377.4616628099175,0.10679611650485436,6477.1637224902
423603,G0600010,Occupied,12,Multi-Family with 5+ Units | cooling installed,253.90367272727272,2306.291693939394,0.11009174311926606,7105.8011680692
425500,G0600010,Occupied,3,Single-Family Detached | no cooling,253.90367272727272,2319.444361670762,0.10946745562130178,10649.0304067872
425846,G0600010,Occupied,3,Single-Family Detached | cooling installed,253.90367272727272,2287.7239083487943,0.11098527746319366,8649.113423742401
426020,G0600010,Occupied,12,Single-Family Detached | cooling installed,253.90367272727272,2287.7239083487943,0.11098527746319366,6141.0112049708005
430448,G0600010,Occupied,3,Single-Family Detached | no cooling,253.90367272727272,2319.444361670762,0.10946745562130178,6859.0353269608
431414,G0600010,Occupied,3,Single-Family Detached | cooling installed,253.90367272727272,2287.7239083487943,0.11098527746319366,8122.7577816632
432502,G0600010,Occupied,12,Single-Family Detached | cooling installed,253.90367272727272,2287.7239083487943,0.11098527746319366,4590.6652436128
435163,G0600010,Occupied,12,Multi-Family with 5+ Units | cooling installed,253.90367272727272,2306.291693939394,0.11009174311926606,2506.6368634206
437957,G0600010,Occupied,3,Multi-Family with 5+ Units | no cooling,253.90367272727272,2348.608972727273,0.10810810810810811,10572.8319285352
439380,G0600010,Occupied,3,Multi-Family with 2 - 4 Units | no cooling,253.90367272727272,2377.4616628099175,0.10679611650485436,3510.4052788556
445162,G0600010,Occupied,3,Single-Family Detached | cooling installed,253.90367272727272,2287.7239083487943,0.11098527746319366,8837.8511929512
445438,G0600010,Occupied,3,Multi-Family with 2 - 4 Units | cooling installed,253.90367272727272,2268.206143030303,0.11194029850746269,4721.081869851801
445478,G0600010,Occupied,3,Single-Family Detached | no cooling,253.90367272727272,2319.444361670762,0.10946745562130178,16608.337548234
446184,G0600010,Occupied,12,Multi-Family with 5+ Units | cooling installed,253.90367272727272,2306.291693939394,0.11009174311926606,6595.8575059212
452784,G0600010,Occupied,3,Multi-Family with 2 - 4 Units | cooling installed,253.90367272727272,2268.206143030303,0.11194029850746269,7623.0716069722
456591,G0600010,Occupied,3,Multi-Family with 5+ Units | cooling installed,253.90367272727272,2306.291693939394,0.11009174311926606,2817.878339973
459117,G0600010,Occupied,12,Single-Family Detached | no cooling,253.90367272727272,2319.444361670762,0.10946745562130178,9356.293916135
464621,G0600010,Occupied,3,Single-Family Detached | cooling installed,253.90367272727272,2287.7239083487943,0.11098527746319366,3832.7834560756
464733,G0600010,Occupied,12,Single-Family Detached | cooling installed,253.90367272727272,2287.7239083487943,0.11098527746319366,8539.5048434876
466503,G0600010,Occupied,12,Single-Family Detached | cooling installed,253.90367272727272,2287.7239083487943,0.11098527746319366,4047.0184083917998
471150,G0600010,Occupied,3,Single-Family Detached | cooling installed,253.90367272727272,2287.7239083487943,0.11098527746319366,6507.9361848612
476245,G0600010,Occupied,3,Single-Family Detached | cooling installed,253.90367272727272,2287.7239083487943,0.11098527746319366,8015.2006988998
479097,G0600010,Occupied,3,Single-Family Detached | cooling installed,253.90367272727272,2287.7239083487943,0.11098527746319366,17714.387767168802
484162,G0600010,Occupied,3,Multi-Family with 5+ Units | cooling installed,253.90367272727272,2306.291693939394,0.11009174311926606,9096.0468057974
484967,G0600010,Occupied,3,Multi-Family with 5+ Units | cooling installed,253.90367272727272,2306.291693939394,0.11009174311926606,3521.8350505934
485559,G0600010,Occupied,12,Single-Family Attached | no cooling,253.90367272727272,2132.7908509090908,0.11904761904761904,7353.4462223882
487112,G0600010,Occupied,3,Multi-Family with 5+ Units | cooling installed,253.90367272727272,2306.291693939394,0.11009174311926606,2094.2858676492
491889,G0600010,Occupied,3,Single-Family Detached | cooling installed,253.90367272727272,2287.7239083487943,0.11098527746319366,6609.924917290799
499393,G0600010,Occupied,3,Multi-Family with 5+ Units | no cooling,253.90367272727272,2348.608972727273,0.10810810810810811,2982.2912103552003
508609,G0600010,Occupied,12,Single-Family Detached | cooling installed,253.90367272727272,2287.7239083487943,0.11098527746319366,8875.3642899368
508960,G0600010,Occupied,3,Single-Family Attached | cooling installed,253.90367272727272,2344.875095187166,0.10828025477707007,4907.1819994288
509098,G0600010,Occupied,3,Multi-Family with 5+ Units | cooling installed,253.90367272727272,2306.291693939394,0.11009174311926606,4333.934986117601
509193,G0600010,Occupied,12,Single-Family Detached | no cooling,253.90367272727272,2319.444361670762,0.10946745562130178,9817.587780629801
511543,G0600010,Occupied,3,Single-Family Detached | no cooling,253.90367272727272,2319.444361670762,0.10946745562130178,9049.4485056356
512333,G0600010,Occupied,12,Single-Family Detached | cooling installed,253.90367272727272,2287.7239083487943,0.11098527746319366,9876.49506574
516792,G0600010,Occupied,3,Single-Family Detached | cooling installed,253.90367272727272,2287.7239083487943,0.11098527746319366,4827.4666683344
517024,G0600010,Occupied,3,Single-Family Detached | cooling installed,253.90367272727272,2287.7239083487943,0.11098527746319366,15694.5419513504
518298,G0600010,Occupied,12,Multi-Family with 5+ Units | cooling installed,253.90367272727272,2306.291693939394,0.11009174311926606,3307.0139561368005
519108,G0600010,Occupied,3,Multi-Family with 2 - 4 Units | no cooling,253.90367272727272,2377.4616628099175,0.10679611650485436,2689.5132112254
519786,G0600010,Occupied,3,Multi-Family with 2 - 4 Units | cooling installed,253.90367272727272,2268.206143030303,0.11194029850746269,6871.344311909201
522277,G0600010,Occupied,3,Single-Family Attached | cooling installed,253.90367272727272,2344.875095187166,0.10828025477707007,2801.4663600418
522735,G0600010,Occupied,3,Multi-Family with 5+ Units | cooling installed,253.90367272727272,2306.291693939394,0.11009174311926606,4431.8207235644
523363,G0600010,Occupied,12,Multi-Family with 5+ Units | cooling installed,253.90367272727272,2306.291693939394,0.11009174311926606,2734.6461560362
527910,G0600010,Occupied,3,Multi-Family with 5+ Units | cooling installed,253.90367272727272,2306.291693939394,0.11009174311926606,4076.3255154118
529226,G0600010,Occupied,12,Single-Family Detached | cooling installed,253.90367272727272,2287.7239083487943,0.11098527746319366,8006.4085667938
529726,G0600010,Occupied,3,Multi-Family with 2 - 4 Units | no cooling,253.90367272727272,2377.4616628099175,0.10679611650485436,2468.2445532244
530663,G0600010,Occupied,3,Multi-Family with 5+ Units | cooling installed,253.90367272727272,2306.291693939394,0.11009174311926606,6804.817178973801
531271,G0600010,Occupied,3,Single-Family Detached | cooling installed,253.90367272727272,2287.7239083487943,0.11098527746319366,7237.0970075188
534441,G0600010,Occupied,3,Single-Family Detached | cooling installed,253.90367272727272,2287.7239083487943,0.11098527746319366,10521.5444912502
534571,G0600010,Occupied,3,Multi-Family with 5+ Units | no cooling,253.90367272727272,2348.608972727273,0.10810810810810811,6035.505619698801
538571,G0600010,Occupied,3,Single-Family Detached | cooling installed,253.90367272727272,2287.7239083487943,0.11098527746319366,7618.0893987788
539052,G0600010,Occupied,3,Mobile Home | cooling installed,253.90367272727272,1946.5948242424236,0.13043478260869565,6289.5982375622
540940,G0600010,Occupied,3,Single-Family Detached | cooling installed,253.90367272727272,2287.7239083487943,0.11098527746319366,7988.2381604414
541621,G0600010,Occupied,3,Multi-Family with 5+ Units | cooling installed,253.90367272727272,2306.291693939394,0.11009174311926606,3443.8781459202
545739,G0600010,Occupied,3,Multi-Family with 5+ Units | no cooling,253.90367272727272,2348.608972727273,0.10810810810810811,3729.329368295
546961,G0600010,Occupied,3,Single-Family Attached | cooling installed,253.90367272727272,2344.875095187166,0.10828025477707007,11894.875526207401
