bldg_id,weight,study_weight,stratum,inclusion_probability,in.county,in.county_name,in.cec_climate_zone,in.vacancy_status,in.geometry_building_type_recs,in.hvac_cooling_type,in.heating_fuel,out.electricity.total.energy_consumption..kwh
3518,253.90367272727272,1224.1784220779223,Single-Family Detached | cooling installed,0.2074074074074074,G0600190,Fresno County,13,Occupied,Single-Family Detached,Central AC,Natural Gas,8470.3400709204
10090,253.90367272727272,1224.1784220779223,Single-Family Detached | cooling installed,0.2074074074074074,G0600190,Fresno County,13,Occupied,Single-Family Detached,Ducted Heat Pump,Electricity,26779.9551816654
12744,253.90367272727272,1224.1784220779223,Single-Family Detached | cooling installed,0.2074074074074074,G0600190,Fresno County,13,Occupied,Single-Family Detached,Central AC,Natural Gas,18827.1786207182
14084,253.90367272727272,1224.1784220779223,Single-Family Detached | cooling installed,0.2074074074074074,G0600190,Fresno County,13,Occupied,Single-Family Detached,Central AC,Natural Gas,12109.696620664
15294,253.90367272727272,1269.5183636363636,Multi-Family with 2 - 4 Units | no cooling,0.2,G0600190,Fresno County,13,Occupied,Multi-Family with 2 - 4 Units,None,Natural Gas,1746.9966494622001
15584,253.90367272727272,1269.5183636363638,Multi-Family with 2 - 4 Units | cooling installed,0.2,G0600190,Fresno County,13,Occupied,Multi-Family with 2 - 4 Units,Non-Ducted Heat Pump,Electricity,16585.7710758286
18940,253.90367272727272,1224.1784220779223,Single-Family Detached | cooling installed,0.2074074074074074,G0600190,Fresno County,13,Occupied,Single-Family Detached,Central AC,Natural Gas,8982.62830163
21152,253.90367272727272,1224.1784220779223,Single-Family Detached | cooling installed,0.2074074074074074,G0600190,Fresno County,13,Occupied,Single-Family Detached,Central AC,Natural Gas,20966.597433178198
21174,253.90367272727272,888.6628545454546,Mobile Home | no cooling,0.2857142857142857,G0600190,Fresno County,13,Occupied,Mobile Home,None,Propane,4107.391048853
27276,253.90367272727272,1224.1784220779223,Single-Family Detached | cooling installed,0.2074074074074074,G0600190,Fresno County,13,Occupied,Single-Family Detached,Central AC,Natural Gas,15213.319254082
27679,253.90367272727272,1218.7376290909092,Single-Family Attached | cooling installed,0.20833333333333334,G0600190,Fresno County,13,Occupied,Single-Family Attached,Central AC,Natural Gas,8665.8184747438
30343,253.90367272727272,1224.1784220779223,Single-Family Detached | cooling installed,0.2074074074074074,G0600190,Fresno County,13,Occupied,Single-Family Detached,Central AC,Natural Gas,18325.734019606
32690,253.90367272727272,1269.5183636363636,Multi-Family with 2 - 4 Units | no cooling,0.2,G0600190,Fresno County,13,Occupied,Multi-Family with 2 - 4 Units,None,Electricity,7117.5240108772
34774,253.90367272727272,1224.1784220779223,Single-Family Detached | cooling installed,0.2074074074074074,G0600190,Fresno County,13,Occupied,Single-Family Detached,Central AC,Natural Gas,5637.5151063672
34838,253.90367272727272,1224.1784220779223,Single-Family Detached | cooling installed,0.2074074074074074,G0600190,Fresno County,13,Occupied,Single-Family Detached,Room AC,Natural Gas,16085.205687927
35936,253.90367272727272,1237.7804045454543,Mobile Home | cooling installed,0.20512820512820512,G0600190,Fresno County,13,Occupied,Mobile Home,Central AC,Electricity,12172.706900756999
36959,253.90367272727272,1224.1784220779223,Single-Family Detached | cooling installed,0.2074074074074074,G0600190,Fresno County,13,Occupied,Single-Family Detached,Central AC,Natural Gas,14162.659467415002
40436,253.90367272727272,1224.1784220779223,Single-Family Detached | cooling installed,0.2074074074074074,G0600190,Fresno County,13,Occupied,Single-Family Detached,Central AC,Natural Gas,15623.618752362001
43923,253.90367272727272,1224.1784220779223,Single-Family Detached | cooling installed,0.2074074074074074,G0600190,Fresno County,13,Occupied,Single-Family Detached,Non-Ducted Heat Pump,Electricity,11901.616160822
44123,253.90367272727272,1224.1784220779223,Single-Family Detached | cooling installed,0.2074074074074074,G0600190,Fresno County,13,Occupied,Single-Family Detached,Central AC,Electricity,16239.9472129926
44803,253.90367272727272,1237.7804045454543,Mobile Home | cooling installed,0.20512820512820512,G0600190,Fresno County,13,Occupied,Mobile Home,Central AC,Natural Gas,4954.0733706608
45176,253.90367272727272,1224.1784220779223,Single-Family Detached | cooling installed,0.2074074074074074,G0600190,Fresno County,13,Occupied,Single-Family Detached,Room AC,Natural Gas,6632.1983186259995
51554,253.90367272727272,1224.1784220779223,Single-Family Detached | cooling installed,0.2074074074074074,G0600190,Fresno County,13,Occupied,Single-Family Detached,Central AC,Natural Gas,14388.324191469
52324,253.90367272727272,1269.5183636363636,Multi-Family with 2 - 4 Units | no cooling,0.2,G0600190,Fresno County,13,Occupied,Multi-Family with 2 - 4 Units,None,Electricity,6098.2228287216
52805,253.90367272727272,1224.1784220779223,Single-Family Detached | cooling installed,0.2074074074074074,G0600190,Fresno County,13,Occupied,Single-Family Detached,Central AC,Natural Gas,11057.2784075758
53220,253.90367272727272,1224.1784220779223,Single-Family Detached | cooling installed,0.2074074074074074,G0600190,Fresno County,13,Occupied,Single-Family Detached,Central AC,Natural Gas,6424.4109298542
56847,253.90367272727272,1224.1784220779223,Single-Family Detached | cooling installed,0.2074074074074074,G0600190,Fresno County,13,Occupied,Single-Family Detached,Room AC,Electricity,13421.7758019494
58613,253.90367272727272,1239.6473433155081,Single-Family Detached | no cooling,0.20481927710843373,G0600190,Fresno County,13,Occupied,Single-Family Detached,None,Natural Gas,3543.229238718
60480,253.90367272727272,1224.1784220779223,Single-Family Detached | cooling installed,0.2074074074074074,G0600190,Fresno County,13,Occupied,Single-Family Detached,Room AC,Natural Gas,3342.1824845608003
61522,253.90367272727272,1224.1784220779223,Single-Family Detached | cooling installed,0.2074074074074074,G0600190,Fresno County,13,Occupied,Single-Family Detached,Central AC,Natural Gas,4857.0668464246
63542,253.90367272727272,1224.1784220779223,Single-Family Detached | cooling installed,0.2074074074074074,G0600190,Fresno County,13,Occupied,Single-Family Detached,Central AC,Natural Gas,17115.0574286098
64444,253.90367272727272,1239.6473433155081,Single-Family Detached | no cooling,0.20481927710843373,G0600190,Fresno County,13,Occupied,Single-Family Detached,None,Natural Gas,10354.200910166
66026,253.90367272727272,1269.5183636363638,Multi-Family with 2 - 4 Units | cooling installed,0.2,G0600190,Fresno County,13,Occupied,Multi-Family with 2 - 4 Units,Room AC,Natural Gas,4261.8395028484
66952,253.90367272727272,1269.5183636363636,Multi-Family with 2 - 4 Units | no cooling,0.2,G0600190,Fresno County,13,Occupied,Multi-Family with 2 - 4 Units,None,Natural Gas,1612.1839571702
69890,253.90367272727272,1224.1784220779223,Single-Family Detached | cooling installed,0.2074074074074074,G0600190,Fresno County,13,Occupied,Single-Family Detached,Ducted Heat Pump,Electricity,15329.9615400216
70486,253.90367272727272,1269.5183636363638,Multi-Family with 2 - 4 Units | cooling installed,0.2,G0600190,Fresno County,13,Occupied,Multi-Family with 2 - 4 Units,Room AC,Natural Gas,3180.7003248806
78162,253.90367272727272,1224.1784220779223,Single-Family Detached | cooling installed,0.2074074074074074,G0600190,Fresno County,13,Occupied,Single-Family Detached,Central AC,Electricity,20102.6239182286
79128,253.90367272727272,1224.1784220779223,Single-Family Detached | cooling installed,0.2074074074074074,G0600190,Fresno County,13,Occupied,Single-Family Detached,Central AC,Natural Gas,9027.4681753706
80432,253.90367272727272,1224.1784220779223,Single-Family Detached | cooling installed,0.2074074074074074,G0600190,Fresno County,13,Occupied,Single-Family Detached,Ducted Heat Pump,Electricity,13220.1429056518
81010,253.90367272727272,1239.6473433155081,Single-Family Detached | no cooling,0.20481927710843373,G0600190,Fresno County,13,Occupied,Single-Family Detached,None,Natural Gas,6123.1338696886005
81657,253.90367272727272,1224.1784220779223,Single-Family Detached | cooling installed,0.2074074074074074,G0600190,Fresno County,13,Occupied,Single-Family Detached,Central AC,Natural Gas,19302.8329676528
83948,253.90367272727272,1224.1784220779223,Single-Family Detached | cooling installed,0.2074074074074074,G0600190,Fresno County,13,Occupied,Single-Family Detached,Central AC,Wood,11119.9956165986
86433,253.90367272727272,1224.1784220779223,Single-Family Detached | cooling installed,0.2074074074074074,G0600190,Fresno County,13,Occupied,Single-Family Detached,Ducted Heat Pump,Electricity,13376.349786068402
86568,253.90367272727272,1218.7376290909094,Multi-Family with 5+ Units | cooling installed,0.20833333333333334,G0600190,Fresno County,13,Occupied,Multi-Family with 5+ Units,Central AC,Natural Gas,4454.9733381102005
87670,253.90367272727272,1224.1784220779223,Single-Family Detached | cooling installed,0.2074074074074074,G0600190,Fresno County,13,Occupied,Single-Family Detached,Room AC,Electricity,11905.4260847346
88197,253.90367272727272,1015.6146909090909,Single-Family Attached | no cooling,0.25,G0600190,Fresno County,13,Occupied,Single-Family Attached,None,Natural Gas,10579.572563149799
89928,253.90367272727272,1224.1784220779223,Single-Family Detached | cooling installed,0.2074074074074074,G0600190,Fresno County,13,Occupied,Single-Family Detached,Central AC,Natural Gas,16723.8075498928
92867,253.90367272727272,1224.1784220779223,Single-Family Detached | cooling installed,0.2074074074074074,G0600190,Fresno County,13,Occupied,Single-Family Detached,Central AC,Propane,13527.8675293618
93516,253.90367272727272,1224.1784220779223,Single-Family Detached | cooling installed,0.2074074074074074,G0600190,Fresno County,13,Occupied,Single-Family Detached,Central AC,Natural Gas,7927.8655199802
94568,253.90367272727272,1224.1784220779223,Single-Family Detached | cooling installed,0.2074074074074074,G0600190,Fresno County,13,Occupied,Single-Family Detached,Ducted Heat Pump,Electricity,14291.3176672328
96038,253.90367272727272,1224.1784220779223,Single-Family Detached | cooling installed,0.2074074074074074,G0600190,Fresno County,13,Occupied,Single-Family Detached,Room AC,Electricity,14178.778376276001
97019,253.90367272727272,1269.5183636363636,Multi-Family with 2 - 4 Units | no cooling,0.2,G0600190,Fresno County,13,Occupied,Multi-Family with 2 - 4 Units,None,Electricity,3448.8603541136004
97292,253.90367272727272,1269.5183636363636,Multi-Family with 2 - 4 Units | no cooling,0.2,G0600190,Fresno County,13,Occupied,Multi-Family with 2 - 4 Units,None,Natural Gas,4196.1915831236
97360,253.90367272727272,1239.6473433155081,Single-Family Detached | no cooling,0.20481927710843373,G0600190,Fresno County,13,Occupied,Single-Family Detached,None,Natural Gas,3161.9437763878
99529,253.90367272727272,1218.7376290909094,Multi-Family with 5+ Units | cooling installed,0.20833333333333334,G0600190,Fresno County,13,Occupied,Multi-Family with 5+ Units,Central AC,Electricity,9797.9520189264
101867,253.90367272727272,1224.1784220779223,Single-Family Detached | cooling installed,0.2074074074074074,G0600190,Fresno County,13,Occupied,Single-Family Detached,Room AC,Natural Gas,10004.2740523472
105552,253.90367272727272,1224.1784220779223,Single-Family Detached | cooling installed,0.2074074074074074,G0600190,Fresno County,13,Occupied,Single-Family Detached,Central AC,Natural Gas,18195.9035355074
107655,253.90367272727272,1206.0424454545455,Multi-Family with 5+ Units | no cooling,0.21052631578947367,G0600190,Fresno County,13,Occupied,Multi-Family with 5+ Units,None,Electricity,4347.1231842766
108402,253.90367272727272,1239.6473433155081,Single-Family Detached | no cooling,0.20481927710843373,G0600190,Fresno County,13,Occupied,Single-Family Detached,None,Natural Gas,2282.7305657878
111964,253.90367272727272,1224.1784220779223,Single-Family Detached | cooling installed,0.2074074074074074,G0600190,Fresno County,13,Occupied,Single-Family Detached,Central AC,Natural Gas,6661.798496716201
114614,253.90367272727272,1224.1784220779223,Single-Family Detached | cooling installed,0.2074074074074074,G0600190,Fresno County,13,Occupied,Single-Family Detached,Central AC,Natural Gas,15258.745269963
115048,253.90367272727272,1218.7376290909094,Multi-Family with 5+ Units | cooling installed,0.20833333333333334,G0600190,Fresno County,13,Occupied,Multi-Family with 5+ Units,Room AC,Electricity,5011.51530042
119126,253.90367272727272,1224.1784220779223,Single-Family Detached | cooling installed,0.2074074074074074,G0600190,Fresno County,13,Occupied,Single-Family Detached,Central AC,Electricity,16056.7777941176
119483,253.90367272727272,1224.1784220779223,Single-Family Detached | cooling installed,0.2074074074074074,G0600190,Fresno County,13,Occupied,Single-Family Detached,Central AC,Natural Gas,14695.1696019684
121916,253.90367272727272,1218.7376290909094,Multi-Family with 5+ Units | cooling installed,0.20833333333333334,G0600190,Fresno County,13,Occupied,Multi-Family with 5+ Units,Non-Ducted Heat Pump,Electricity,8618.9271035118
121967,253.90367272727272,1269.5183636363638,Multi-Family with 2 - 4 Units | cooling installed,0.2,G0600190,Fresno County,13,Occupied,Multi-Family with 2 - 4 Units,Ducted Heat Pump,Electricity,6972.746902198401
127436,253.90367272727272,1224.1784220779223,Single-Family Detached | cooling installed,0.2074074074074074,G0600190,Fresno County,13,Occupied,Single-Family Detached,Central AC,Electricity,16051.795585924201
127884,253.90367272727272,1224.1784220779223,Single-Family Detached | cooling installed,0.2074074074074074,G0600190,Fresno County,13,Occupied,Single-Family Detached,Central AC,Propane,19013.2787502952
128282,253.90367272727272,1269.5183636363638,Multi-Family with 2 - 4 Units | cooling installed,0.2,G0600190,Fresno County,13,Occupied,Multi-Family with 2 - 4 Units,Room AC,Electricity,2778.6068165662
134219,253.90367272727272,1239.6473433155081,Single-Family Detached | no cooling,0.20481927710843373,G0600190,Fresno County,13,Occupied,Single-Family Detached,None,Other Fuel,5897.176074564401
135806,253.90367272727272,888.6628545454546,Mobile Home | no cooling,0.2857142857142857,G0600190,Fresno County,13,Occupied,Mobile Home,None,Natural Gas,3493.407156784
138584,253.90367272727272,1224.1784220779223,Single-Family Detached | cooling installed,0.2074074074074074,G0600190,Fresno County,13,Occupied,Single-Family Detached,Central AC,Natural Gas,17399.3363667038
139032,253.90367272727272,1239.6473433155081,Single-Family Detached | no cooling,0.20481927710843373,G0600190,Fresno County,13,Occupied,Single-Family Detached,None,Electricity,14072.393577793402
140308,253.90367272727272,1224.1784220779223,Single-Family Detached | cooling installed,0.2074074074074074,G0600190,Fresno County,13,Occupied,Single-Family Detached,Central AC,Natural Gas,14645.0544489642
140965,253.90367272727272,1269.5183636363636,Multi-Family with 2 - 4 Units | no cooling,0.2,G0600190,Fresno County,13,Occupied,Multi-Family with 2 - 4 Units,None,Natural Gas,2067.616400261
143894,253.90367272727272,1239.6473433155081,Single-Family Detached | no cooling,0.20481927710843373,G0600190,Fresno County,13,Occupied,Single-Family Detached,None,Natural Gas,2831.066538132
145479,253.90367272727272,1218.7376290909092,Single-Family Attached | cooling installed,0.20833333333333334,G0600190,Fresno County,13,Occupied,Single-Family Attached,Room AC,Natural Gas,6981.8321053746
147592,253.90367272727272,1224.1784220779223,Single-Family Detached | cooling installed,0.2074074074074074,G0600190,Fresno County,13,Occupied,Single-Family Detached,Central AC,Natural Gas,18217.297723632
150219,253.90367272727272,1269.5183636363636,Multi-Family with 2 - 4 Units | no cooling,0.2,G0600190,Fresno County,13,Occupied,Multi-Family with 2 - 4 Units,None,Natural Gas,2738.7491510190002
155478,253.90367272727272,1206.0424454545455,Multi-Family with 5+ Units | no cooling,0.21052631578947367,G0600190,Fresno County,13,Occupied,Multi-Family with 5+ Units,None,Natural Gas,4332.7627018368
157113,253.90367272727272,1224.1784220779223,Single-Family Detached | cooling installed,0.2074074074074074,G0600190,Fresno County,13,Occupied,Single-Family Detached,Ducted Heat Pump,Electricity,11793.766006988399
161057,253.90367272727272,1218.7376290909094,Multi-Family with 5+ Units | cooling installed,0.20833333333333334,G0600190,Fresno County,13,Occupied,Multi-Family with 5+ Units,Central AC,Natural Gas,9051.7930741972
163706,253.90367272727272,1224.1784220779223,Single-Family Detached | cooling installed,0.2074074074074074,G0600190,Fresno County,13,Occupied,Single-Family Detached,Central AC,Natural Gas,12641.620613077
166457,253.90367272727272,1218.7376290909094,Multi-Family with 5+ Units | cooling installed,0.20833333333333334,G0600190,Fresno County,13,Occupied,Multi-Family with 5+ Units,Central AC,Natural Gas,11050.830844031401
168458,253.90367272727272,1239.6473433155081,Single-Family Detached | no cooling,0.20481927710843373,G0600190,Fresno County,13,Occupied,Single-Family Detached,None,Natural Gas,7761.987294247
171233,253.90367272727272,1239.6473433155081,Single-Family Detached | no cooling,0.20481927710843373,G0600190,Fresno County,13,Occupied,Single-Family Detached,None,Natural Gas,3162.8229895984
172382,253.90367272727272,1269.5183636363638,Multi-Family with 2 - 4 Units | cooling installed,0.2,G0600190,Fresno County,13,Occupied,Multi-Family with 2 - 4 Units,Room AC,Natural Gas,6466.0270218226
173449,253.90367272727272,1224.1784220779223,Single-Family Detached | cooling installed,0.2074074074074074,G0600190,Fresno County,13,Occupied,Single-Family Detached,Central AC,Natural Gas,12998.8742476508
174703,253.90367272727272,1224.1784220779223,Single-Family Detached | cooling installed,0.2074074074074074,G0600190,Fresno County,13,Occupied,Single-Family Detached,Room AC,Wood,5774.3792961506
175711,253.90367272727272,1224.1784220779223,Single-Family Detached | cooling installed,0.2074074074074074,G0600190,Fresno County,13,Occupied,Single-Family Detached,Central AC,Natural Gas,9876.7881368102
179391,253.90367272727272,1269.5183636363638,Multi-Family with 2 - 4 Units | cooling installed,0.2,G0600190,Fresno County,13,Occupied,Multi-Family with 2 - 4 Units,Central AC,Electricity,7264.3526170474
179602,253.90367272727272,1269.5183636363636,Multi-Family with 2 - 4 Units | no cooling,0.2,G0600190,Fresno County,13,Occupied,Multi-Family with 2 - 4 Units,None,Electricity,8288.6360073964
179958,253.90367272727272,1206.0424454545455,Multi-Family with 5+ Units | no cooling,0.21052631578947367,G0600190,Fresno County,13,Occupied,Multi-Family with 5+ Units,None,Electricity,4029.72721525
186296,253.90367272727272,1239.6473433155081,Single-Family Detached | no cooling,0.20481927710843373,G0600190,Fresno County,13,Occupied,Single-Family Detached,None,Electricity,11035.8842194512
187702,253.90367272727272,1224.1784220779223,Single-Family Detached | cooling installed,0.2074074074074074,G0600190,Fresno County,13,Occupied,Single-Family Detached,Central AC,Natural Gas,6954.576495846
190082,253.90367272727272,1224.1784220779223,Single-Family Detached | cooling installed,0.2074074074074074,G0600190,Fresno County,13,Occupied,Single-Family Detached,Room AC,Natural Gas,8196.6116913536
190645,253.90367272727272,1224.1784220779223,Single-Family Detached | cooling installed,0.2074074074074074,G0600190,Fresno County,13,Occupied,Single-Family Detached,Central AC,Propane,16832.536916937002
193604,253.90367272727272,1239.6473433155081,Single-Family Detached | no cooling,0.20481927710843373,G0600190,Fresno County,13,Occupied,Single-Family Detached,None,Natural Gas,5451.1219057200005
193791,253.90367272727272,1218.7376290909094,Multi-Family with 5+ Units | cooling installed,0.20833333333333334,G0600190,Fresno County,13,Occupied,Multi-Family with 5+ Units,Central AC,Natural Gas,3313.7545907514004
197450,253.90367272727272,1239.6473433155081,Single-Family Detached | no cooling,0.20481927710843373,G0600190,Fresno County,13,Occupied,Single-Family Detached,None,Natural Gas,5526.7342418316
199151,253.90367272727272,1224.1784220779223,Single-Family Detached | cooling installed,0.2074074074074074,G0600190,Fresno County,13,Occupied,Single-Family Detached,Room AC,Electricity,7537.2017834036005
199538,253.90367272727272,1239.6473433155081,Single-Family Detached | no cooling,0.20481927710843373,G0600190,Fresno County,13,Occupied,Single-Family Detached,None,Natural Gas,5692.6124675648
199906,253.90367272727272,1224.1784220779223,Single-Family Detached | cooling installed,0.2074074074074074,G0600190,Fresno County,13,Occupied,Single-Family Detached,Ducted Heat Pump,Electricity,10588.0716241856
201421,253.90367272727272,1224.1784220779223,Single-Family Detached | cooling installed,0.2074074074074074,G0600190,Fresno County,13,Occupied,Single-Family Detached,Room AC,Natural Gas,5357.9253053964
203006,253.90367272727272,1224.1784220779223,Single-Family Detached | cooling installed,0.2074074074074074,G0600190,Fresno County,13,Occupied,Single-Family Detached,Central AC,Natural Gas,10691.8187830364
207942,253.90367272727272,1224.1784220779223,Single-Family Detached | cooling installed,0.2074074074074074,G0600190,Fresno County,16,Occupied,Single-Family Detached,Central AC,Propane,12771.744168245801
208239,253.90367272727272,1224.1784220779223,Single-Family Detached | cooling installed,0.2074074074074074,G0600190,Fresno County,13,Occupied,Single-Family Detached,Room AC,Electricity,5862.8867593509995
208571,253.90367272727272,1224.1784220779223,Single-Family Detached | cooling installed,0.2074074074074074,G0600190,Fresno County,13,Occupied,Single-Family Detached,Central AC,Natural Gas,9697.4286418478
208991,253.90367272727272,1224.1784220779223,Single-Family Detached | cooling installed,0.2074074074074074,G0600190,Fresno County,13,Occupied,Single-Family Detached,Central AC,Natural Gas,12927.9510486624
209120,253.90367272727272,1224.1784220779223,Single-Family Detached | cooling installed,0.2074074074074074,G0600190,Fresno County,13,Occupied,Single-Family Detached,Central AC,Natural Gas,12198.4971549346
212114,253.90367272727272,1239.6473433155081,Single-Family Detached | no cooling,0.20481927710843373,G0600190,Fresno County,13,Occupied,Single-Family Detached,None,Electricity,9426.9240440532
212411,253.90367272727272,1269.5183636363638,Multi-Family with 2 - 4 Units | cooling installed,0.2,G0600190,Fresno County,13,Occupied,Multi-Family with 2 - 4 Units,Room AC,Electricity,7964.206332685
214183,253.90367272727272,1239.6473433155081,Single-Family Detached | no cooling,0.20481927710843373,G0600190,Fresno County,13,Occupied,Single-Family Detached,None,Propane,4039.3985605666
214189,253.90367272727272,1269.5183636363638,Multi-Family with 2 - 4 Units | cooling installed,0.2,G0600190,Fresno County,13,Occupied,Multi-Family with 2 - 4 Units,Central AC,Natural Gas,5905.6751356002005
214329,253.90367272727272,1224.1784220779223,Single-Family Detached | cooling installed,0.2074074074074074,G0600190,Fresno County,13,Occupied,Single-Family Detached,Central AC,Natural Gas,17167.8102212458
216556,253.90367272727272,1237.7804045454543,Mobile Home | cooling installed,0.20512820512820512,G0600190,Fresno County,16,Occupied,Mobile Home,Room AC,Propane,11438.270798835802
223077,253.90367272727272,1239.6473433155081,Single-Family Detached | no cooling,0.20481927710843373,G0600190,Fresno County,13,Occupied,Single-Family Detached,None,Propane,5898.6414299154
223382,253.90367272727272,1224.1784220779223,Single-Family Detached | cooling installed,0.2074074074074074,G0600190,Fresno County,13,Occupied,Single-Family Detached,Central AC,Natural Gas,15623.325681291799
225105,253.90367272727272,1239.6473433155081,Single-Family Detached | no cooling,0.20481927710843373,G0600190,Fresno County,13,Occupied,Single-Family Detached,None,Natural Gas,6827.9697935196
226133,253.90367272727272,1224.1784220779223,Single-Family Detached | cooling installed,0.2074074074074074,G0600190,Fresno County,13,Occupied,Single-Family Detached,Ducted Heat Pump,Electricity,21105.513120453
233264,253.90367272727272,1224.1784220779223,Single-Family Detached | cooling installed,0.2074074074074074,G0600190,Fresno County,13,Occupied,Single-Family Detached,Central AC,Natural Gas,8317.943114416401
234501,253.90367272727272,1218.7376290909094,Multi-Family with 5+ Units | cooling installed,0.20833333333333334,G0600190,Fresno County,13,Occupied,Multi-Family with 5+ Units,Central AC,Natural Gas,5579.1939633974
234895,253.90367272727272,1224.1784220779223,Single-Family Detached | cooling installed,0.2074074074074074,G0600190,Fresno County,13,Occupied,Single-Family Detached,Central AC,Natural Gas,12983.9276230706
237304,253.90367272727272,1224.1784220779223,Single-Family Detached | cooling installed,0.2074074074074074,G0600190,Fresno County,13,Occupied,Single-Family Detached,Central AC,Natural Gas,15188.9943552554
238689,253.90367272727272,1237.7804045454543,Mobile Home | cooling installed,0.20512820512820512,G0600190,Fresno County,13,Occupied,Mobile Home,Central AC,Natural Gas,10710.5753315292
239040,253.90367272727272,1224.1784220779223,Single-Family Detached | cooling installed,0.2074074074074074,G0600190,Fresno County,13,Occupied,Single-Family Detached,Central AC,Electricity,18046.1442186352
241376,253.90367272727272,1218.7376290909092,Single-Family Attached | cooling installed,0.20833333333333334,G0600190,Fresno County,13,Occupied,Single-Family Attached,Central AC,Natural Gas,11996.5711875668
241467,253.90367272727272,1237.7804045454543,Mobile Home | cooling installed,0.20512820512820512,G0600190,Fresno County,13,Occupied,Mobile Home,Central AC,Natural Gas,7823.825290059201
245421,253.90367272727272,1224.1784220779223,Single-Family Detached | cooling installed,0.2074074074074074,G0600190,Fresno County,13,Occupied,Single-Family Detached,Central AC,Natural Gas,11632.8699894486
246210,253.90367272727272,1224.1784220779223,Single-Family Detached | cooling installed,0.2074074074074074,G0600190,Fresno County,13,Occupied,Single-Family Detached,Central AC,Natural Gas,7018.759060219801
247871,253.90367272727272,1269.5183636363638,Multi-Family with 2 - 4 Units | cooling installed,0.2,G0600190,Fresno County,13,Occupied,Multi-Family with 2 - 4 Units,Central AC,Natural Gas,6109.652600459401
248680,253.90367272727272,1239.6473433155081,Single-Family Detached | no cooling,0.20481927710843373,G0600190,Fresno County,13,Occupied,Single-Family Detached,None,Natural Gas,4503.9162068336
250618,253.90367272727272,1224.1784220779223,Single-Family Detached | cooling installed,0.2074074074074074,G0600190,Fresno County,13,Occupied,Single-Family Detached,Central AC,Natural Gas,12697.8902585554
252821,253.90367272727272,1206.0424454545455,Multi-Family with 5+ Units | no cooling,0.21052631578947367,G0600190,Fresno County,13,Occupied,Multi-Family with 5+ Units,None,Natural Gas,1430.4798936462
253714,253.90367272727272,1239.6473433155081,Single-Family Detached | no cooling,0.20481927710843373,G0600190,Fresno County,13,Occupied,Single-Family Detached,None,Natural Gas,4878.7541056193995
256781,253.90367272727272,1224.1784220779223,Single-Family Detached | cooling installed,0.2074074074074074,G0600190,Fresno County,13,Occupied,Single-Family Detached,Ducted Heat Pump,Electricity,8419.6387757758
257551,253.90367272727272,1206.0424454545455,Multi-Family with 5+ Units | no cooling,0.21052631578947367,G0600190,Fresno County,13,Occupied,Multi-Family with 5+ Units,None,Natural Gas,4389.9115605258
258580,253.90367272727272,1224.1784220779223,Single-Family Detached | cooling installed,0.2074074074074074,G0600190,Fresno County,13,Occupied,Single-Family Detached,Central AC,Natural Gas,22812.652104368
259215,253.90367272727272,1239.6473433155081,Single-Family Detached | no cooling,0.20481927710843373,G0600190,Fresno County,13,Occupied,Single-Family Detached,None,Natural Gas,2715.8896075434
264248,253.90367272727272,1224.1784220779223,Single-Family Detached | cooling installed,0.2074074074074074,G0600190,Fresno County,13,Occupied,Single-Family Detached,Ducted Heat Pump,Electricity,11409.256762886
265360,253.90367272727272,1224.1784220779223,Single-Family Detached | cooling installed,0.2074074074074074,G0600190,Fresno County,13,Occupied,Single-Family Detached,Room AC,Electricity,17258.3691819376
270123,253.90367272727272,1239.6473433155081,Single-Family Detached | no cooling,0.20481927710843373,G0600190,Fresno County,13,Occupied,Single-Family Detached,None,Electricity,10652.2541885594
279703,253.90367272727272,1224.1784220779223,Single-Family Detached | cooling installed,0.2074074074074074,G0600190,Fresno County,13,Occupied,Single-Family Detached,Central AC,Natural Gas,10898.433887527399
280455,253.90367272727272,1224.1784220779223,Single-Family Detached | cooling installed,0.2074074074074074,G0600190,Fresno County,13,Occupied,Single-Family Detached,Central AC,Natural Gas,14851.9626245254
281005,253.90367272727272,1224.1784220779223,Single-Family Detached | cooling installed,0.2074074074074074,G0600190,Fresno County,13,Occupied,Single-Family Detached,Central AC,Natural Gas,19697.0135570718
284077,253.90367272727272,1218.7376290909094,Multi-Family with 5+ Units | cooling installed,0.20833333333333334,G0600190,Fresno County,13,Occupied,Multi-Family with 5+ Units,Central AC,Natural Gas,5149.258703414001
284977,253.90367272727272,1224.1784220779223,Single-Family Detached | cooling installed,0.2074074074074074,G0600190,Fresno County,13,Occupied,Single-Family Detached,Room AC,Wood,18210.2640179472
292506,253.90367272727272,1206.0424454545455,Multi-Family with 5+ Units | no cooling,0.21052631578947367,G0600190,Fresno County,13,Occupied,Multi-Family with 5+ Units,None,Natural Gas,2347.2062012318
294576,253.90367272727272,1218.7376290909094,Multi-Family with 5+ Units | cooling installed,0.20833333333333334,G0600190,Fresno County,13,Occupied,Multi-Family with 5+ Units,Room AC,Natural Gas,7392.1316036545995
298801,253.90367272727272,1239.6473433155081,Single-Family Detached | no cooling,0.20481927710843373,G0600190,Fresno County,13,Occupied,Single-Family Detached,None,Natural Gas,5975.132979237601
299668,253.90367272727272,1224.1784220779223,Single-Family Detached | cooling installed,0.2074074074074074,G0600190,Fresno County,13,Occupied,Single-Family Detached,Central AC,Natural Gas,6152.7340477788
303079,253.90367272727272,1239.6473433155081,Single-Family Detached | no cooling,0.20481927710843373,G0600190,Fresno County,13,Occupied,Single-Family Detached,None,Natural Gas,8024.5789731462
304025,253.90367272727272,1224.1784220779223,Single-Family Detached | cooling installed,0.2074074074074074,G0600190,Fresno County,13,Occupied,Single-Family Detached,Central AC,Natural Gas,13483.027655621201
305441,253.90367272727272,1224.1784220779223,Single-Family Detached | cooling installed,0.2074074074074074,G0600190,Fresno County,13,Occupied,Single-Family Detached,Non-Ducted Heat Pump,Electricity,9582.8378533996
311070,253.90367272727272,1224.1784220779223,Single-Family Detached | cooling installed,0.2074074074074074,G0600190,Fresno County,13,Occupied,Single-Family Detached,Ducted Heat Pump,Electricity,27170.9119893122
314623,253.90367272727272,1224.1784220779223,Single-Family Detached | cooling installed,0.2074074074074074,G0600190,Fresno County,13,Occupied,Single-Family Detached,Central AC,Natural Gas,15739.967967231401
315192,253.90367272727272,1224.1784220779223,Single-Family Detached | cooling installed,0.2074074074074074,G0600190,Fresno County,13,Occupied,Single-Family Detached,Central AC,Natural Gas,11148.130439337801
315570,253.90367272727272,1224.1784220779223,Single-Family Detached | cooling installed,0.2074074074074074,G0600190,Fresno County,13,Occupied,Single-Family Detached,Ducted Heat Pump,Electricity,14803.8989690126
318115,253.90367272727272,1224.1784220779223,Single-Family Detached | cooling installed,0.2074074074074074,G0600190,Fresno County,13,Occupied,Single-Family Detached,Central AC,Propane,10617.085660135399
318318,253.90367272727272,1269.5183636363638,Multi-Family with 2 - 4 Units | cooling installed,0.2,G0600190,Fresno County,13,Occupied,Multi-Family with 2 - 4 Units,Central AC,Natural Gas,6453.7180368742
328258,253.90367272727272,1239.6473433155081,Single-Family Detached | no cooling,0.20481927710843373,G0600190,Fresno County,13,Occupied,Single-Family Detached,None,Natural Gas,5345.3232493778005
328579,253.90367272727272,1224.1784220779223,Single-Family Detached | cooling installed,0.2074074074074074,G0600190,Fresno County,13,Occupied,Single-Family Detached,Central AC,Electricity,21996.449173861
329379,253.90367272727272,1224.1784220779223,Single-Family Detached | cooling installed,0.2074074074074074,G0600190,Fresno County,13,Occupied,Single-Family Detached,Central AC,Natural Gas,23489.060134389598
329666,253.90367272727272,1224.1784220779223,Single-Family Detached | cooling installed,0.2074074074074074,G0600190,Fresno County,13,Occupied,Single-Family Detached,Central AC,Natural Gas,9247.2714780206
337491,253.90367272727272,1218.7376290909094,Multi-Family with 5+ Units | cooling installed,0.20833333333333334,G0600190,Fresno County,13,Occupied,Multi-Family with 5+ Units,Central AC,Natural Gas,8584.051646158
341901,253.90367272727272,1218.7376290909094,Multi-Family with 5+ Units | cooling installed,0.20833333333333334,G0600190,Fresno County,13,Occupied,Multi-Family with 5+ Units,Ducted Heat Pump,Electricity,5599.122796171
344752,253.90367272727272,1224.1784220779223,Single-Family Detached | cooling installed,0.2074074074074074,G0600190,Fresno County,13,Occupied,Single-Family Detached,Central AC,Natural Gas,6678.2104766474
351267,253.90367272727272,1239.6473433155081,Single-Family Detached | no cooling,0.20481927710843373,G0600190,Fresno County,13,Occupied,Single-Family Detached,None,Natural Gas,7974.7568912122
351922,253.90367272727272,1218.7376290909094,Multi-Family with 5+ Units | cooling installed,0.20833333333333334,G0600190,Fresno County,13,Occupied,Multi-Family with 5+ Units,Room AC,Natural Gas,5678.251985125
352726,253.90367272727272,1224.1784220779223,Single-Family Detached | cooling installed,0.2074074074074074,G0600190,Fresno County,13,Occupied,Single-Family Detached,Central AC,Natural Gas,12984.8068362812
356805,253.90367272727272,1224.1784220779223,Single-Family Detached | cooling installed,0.2074074074074074,G0600190,Fresno County,13,Occupied,Single-Family Detached,Central AC,Natural Gas,11842.415804641601
358081,253.90367272727272,1269.5183636363638,Multi-Family with 2 - 4 Units | cooling installed,0.2,G0600190,Fresno County,13,Occupied,Multi-Family with 2 - 4 Units,Room AC,Natural Gas,8708.606850993001
359898,253.90367272727272,1224.1784220779223,Single-Family Detached | cooling installed,0.2074074074074074,G0600190,Fresno County,13,Occupied,Single-Family Detached,Central AC,Other Fuel,15804.443602675401
361038,253.90367272727272,1239.6473433155081,Single-Family Detached | no cooling,0.20481927710843373,G0600190,Fresno County,13,Occupied,Single-Family Detached,None,Natural Gas,3792.0465773178003
361936,253.90367272727272,1218.7376290909094,Multi-Family with 5+ Units | cooling installed,0.20833333333333334,G0600190,Fresno County,13,Occupied,Multi-Family with 5+ Units,Room AC,Electricity,4463.1793280758
364146,253.90367272727272,1224.1784220779223,Single-Family Detached | cooling installed,0.2074074074074074,G0600190,Fresno County,13,Occupied,Single-Family Detached,Central AC,Natural Gas,17848.3212462502
365626,253.90367272727272,1224.1784220779223,Single-Family Detached | cooling installed,0.2074074074074074,G0600190,Fresno County,13,Occupied,Single-Family Detached,Central AC,Electricity,20548.0919449326
366897,253.90367272727272,1224.1784220779223,Single-Family Detached | cooling installed,0.2074074074074074,G0600190,Fresno County,13,Occupied,Single-Family Detached,Ducted Heat Pump,Electricity,28127.7890335152
367731,253.90367272727272,1218.7376290909092,Single-Family Attached | cooling installed,0.20833333333333334,G0600190,Fresno County,13,Occupied,Single-Family Attached,Central AC,Electricity,14757.3006688508
369329,253.90367272727272,1218.7376290909094,Multi-Family with 5+ Units | cooling installed,0.20833333333333334,G0600190,Fresno County,13,Occupied,Multi-Family with 5+ Units,Room AC,Natural Gas,5475.1537334764
371172,253.90367272727272,1206.0424454545455,Multi-Family with 5+ Units | no cooling,0.21052631578947367,G0600190,Fresno County,13,Occupied,Multi-Family with 5+ Units,None,Electricity,3107.4325573306
373625,253.90367272727272,1239.6473433155081,Single-Family Detached | no cooling,0.20481927710843373,G0600190,Fresno County,13,Occupied,Single-Family Detached,None,Wood,13708.399308605
374558,253.90367272727272,1224.1784220779223,Single-Family Detached | cooling installed,0.2074074074074074,G0600190,Fresno County,13,Occupied,Single-Family Detached,Central AC,Electricity,16875.6183642564
375806,253.90367272727272,1269.5183636363638,Multi-Family with 2 - 4 Units | cooling installed,0.2,G0600190,Fresno County,13,Occupied,Multi-Family with 2 - 4 Units,Room AC,Natural Gas,4583.0453957876
379002,253.90367272727272,1224.1784220779223,Single-Family Detached | cooling installed,0.2074074074074074,G0600190,Fresno County,13,Occupied,Single-Family Detached,Central AC,Natural Gas,8069.4188468868
383593,253.90367272727272,1239.6473433155081,Single-Family Detached | no cooling,0.20481927710843373,G0600190,Fresno County,13,Occupied,Single-Family Detached,None,Natural Gas,7273.1447491534
383712,253.90367272727272,1218.7376290909094,Multi-Family with 5+ Units | cooling installed,0.20833333333333334,G0600190,Fresno County,13,Occupied,Multi-Family with 5+ Units,Central AC,Electricity,7042.7908879762
384820,253.90367272727272,1218.7376290909094,Multi-Family with 5+ Units | cooling installed,0.20833333333333334,G0600190,Fresno County,13,Occupied,Multi-Family with 5+ Units,Ducted Heat Pump,Electricity,7606.0734849006
386890,253.90367272727272,1224.1784220779223,Single-Family Detached | cooling installed,0.2074074074074074,G0600190,Fresno County,13,Occupied,Single-Family Detached,Room AC,Electricity,14997.618946414801
392309,253.90367272727272,1224.1784220779223,Single-Family Detached | cooling installed,0.2074074074074074,G0600190,Fresno County,13,Occupied,Single-Family Detached,Central AC,Natural Gas,9962.951031449
392615,253.90367272727272,1224.1784220779223,Single-Family Detached | cooling installed,0.2074074074074074,G0600190,Fresno County,13,Occupied,Single-Family Detached,Room AC,Natural Gas,8009.9254196362
397236,253.90367272727272,1224.1784220779223,Single-Family Detached | cooling installed,0.2074074074074074,G0600190,Fresno County,13,Occupied,Single-Family Detached,Central AC,Propane,13579.154966646802
401415,253.90367272727272,1239.6473433155081,Single-Family Detached | no cooling,0.20481927710843373,G0600190,Fresno County,13,Occupied,Single-Family Detached,None,Natural Gas,6296.631943247
406659,253.90367272727272,1224.1784220779223,Single-Family Detached | cooling installed,0.2074074074074074,G0600190,Fresno County,13,Occupied,Single-Family Detached,Central AC,Electricity,12424.1618789886
409259,253.90367272727272,1218.7376290909094,Multi-Family with 5+ Units | cooling installed,0.20833333333333334,G0600190,Fresno County,13,Occupied,Multi-Family with 5+ Units,Central AC,Electricity,6218.3819675036
412521,253.90367272727272,1224.1784220779223,Single-Family Detached | cooling installed,0.2074074074074074,G0600190,Fresno County,13,Occupied,Single-Family Detached,Central AC,Natural Gas,9269.5448793558
415217,253.90367272727272,1269.5183636363638,Multi-Family with 2 - 4 Units | cooling installed,0.2,G0600190,Fresno County,13,Occupied,Multi-Family with 2 - 4 Units,Room AC,Electricity,7764.6249338788
417491,253.90367272727272,1237.7804045454543,Mobile Home | cooling installed,0.20512820512820512,G0600190,Fresno County,13,Occupied,Mobile Home,Central AC,Natural Gas,5525.855028621
420160,253.90367272727272,1218.7376290909092,Single-Family Attached | cooling installed,0.20833333333333334,G0600190,Fresno County,13,Occupied,Single-Family Attached,Ducted Heat Pump,Electricity,11713.1714626834
421333,253.90367272727272,1224.1784220779223,Single-Family Detached | cooling installed,0.2074074074074074,G0600190,Fresno County,13,Occupied,Single-Family Detached,Central AC,Propane,10905.174522142
421585,253.90367272727272,1224.1784220779223,Single-Family Detached | cooling installed,0.2074074074074074,G0600190,Fresno County,13,Occupied,Single-Family Detached,Ducted Heat Pump,Electricity,11603.562882428601
423236,253.90367272727272,1224.1784220779223,Single-Family Detached | cooling installed,0.2074074074074074,G0600190,Fresno County,13,Occupied,Single-Family Detached,Central AC,Natural Gas,12451.4174885172
425542,253.90367272727272,1224.1784220779223,Single-Family Detached | cooling installed,0.2074074074074074,G0600190,Fresno County,13,Occupied,Single-Family Detached,Central AC,Electricity,45494.301440356605
426256,253.90367272727272,1218.7376290909094,Multi-Family with 5+ Units | cooling installed,0.20833333333333334,G0600190,Fresno County,13,Occupied,Multi-Family with 5+ Units,Room AC,Natural Gas,5084.783067970001
427294,253.90367272727272,1224.1784220779223,Single-Family Detached | cooling installed,0.2074074074074074,G0600190,Fresno County,13,Occupied,Single-Family Detached,Central AC,Natural Gas,12386.355710932801
435081,253.90367272727272,1224.1784220779223,Single-Family Detached | cooling installed,0.2074074074074074,G0600190,Fresno County,13,Occupied,Single-Family Detached,Central AC,Natural Gas,12396.90626946
440339,253.90367272727272,1206.0424454545455,Multi-Family with 5+ Units | no cooling,0.21052631578947367,G0600190,Fresno County,13,Occupied,Multi-Family with 5+ Units,None,Natural Gas,3832.1973139352003
440913,253.90367272727272,1269.5183636363638,Multi-Family with 2 - 4 Units | cooling installed,0.2,G0600190,Fresno County,13,Occupied,Multi-Family with 2 - 4 Units,Ducted Heat Pump,Electricity,10076.0764645462
441155,253.90367272727272,1224.1784220779223,Single-Family Detached | cooling installed,0.2074074074074074,G0600190,Fresno County,13,Occupied,Single-Family Detached,Central AC,Natural Gas,9087.8408158318
441221,253.90367272727272,1206.0424454545455,Multi-Family with 5+ Units | no cooling,0.21052631578947367,G0600190,Fresno County,16,Occupied,Multi-Family with 5+ Units,None,Natural Gas,3370.3173073000003
441477,253.90367272727272,1224.1784220779223,Single-Family Detached | cooling installed,0.2074074074074074,G0600190,Fresno County,13,Occupied,Single-Family Detached,Room AC,Electricity,8295.6697130812
445139,253.90367272727272,1224.1784220779223,Single-Family Detached | cooling installed,0.2074074074074074,G0600190,Fresno County,13,Occupied,Single-Family Detached,Room AC,Natural Gas,12012.6900964278
447057,253.90367272727272,1224.1784220779223,Single-Family Detached | cooling installed,0.2074074074074074,G0600190,Fresno County,13,Occupied,Single-Family Detached,Ducted Heat Pump,Electricity,14908.818412144201
449980,253.90367272727272,1206.0424454545455,Multi-Family with 5+ Units | no cooling,0.21052631578947367,G0600190,Fresno County,13,Occupied,Multi-Family with 5+ Units,None,Electricity,3997.489397528
453449,253.90367272727272,1237.7804045454543,Mobile Home | cooling installed,0.20512820512820512,G0600190,Fresno County,13,Occupied,Mobile Home,Ducted Heat Pump,Electricity,8365.1275567186
454631,253.90367272727272,1224.1784220779223,Single-Family Detached | cooling installed,0.2074074074074074,G0600190,Fresno County,13,Occupied,Single-Family Detached,Central AC,Natural Gas,8888.845559166
455684,253.90367272727272,1269.5183636363636,Multi-Family with 2 - 4 Units | no cooling,0.2,G0600190,Fresno County,13,Occupied,Multi-Family with 2 - 4 Units,None,Natural Gas,2052.3767046106
458914,253.90367272727272,1015.6146909090909,Single-Family Attached | no cooling,0.25,G0600190,Fresno County,13,Occupied,Single-Family Attached,None,Electricity,7729.749476525
459097,253.90367272727272,1218.7376290909094,Multi-Family with 5+ Units | cooling installed,0.20833333333333334,G0600190,Fresno County,13,Occupied,Multi-Family with 5+ Units,Central AC,Natural Gas,5356.459950045401
459872,253.90367272727272,1224.1784220779223,Single-Family Detached | cooling installed,0.2074074074074074,G0600190,Fresno County,13,Occupied,Single-Family Detached,Ducted Heat Pump,Electricity,14238.2718035266
462505,253.90367272727272,1224.1784220779223,Single-Family Detached | cooling installed,0.2074074074074074,G0600190,Fresno County,13,Occupied,Single-Family Detached,Room AC,Electricity,17938.880206942
463234,253.90367272727272,1206.0424454545455,Multi-Family with 5+ Units | no cooling,0.21052631578947367,G0600190,Fresno County,13,Occupied,Multi-Family with 5+ Units,None,Natural Gas,3383.2124343888004
465206,253.90367272727272,1206.0424454545455,Multi-Family with 5+ Units | no cooling,0.21052631578947367,G0600190,Fresno County,13,Occupied,Multi-Family with 5+ Units,None,Natural Gas,2193.9300315172
472604,253.90367272727272,1224.1784220779223,Single-Family Detached | cooling installed,0.2074074074074074,G0600190,Fresno County,13,Occupied,Single-Family Detached,Central AC,Natural Gas,19471.055761947602
472737,253.90367272727272,1224.1784220779223,Single-Family Detached | cooling installed,0.2074074074074074,G0600190,Fresno County,13,Occupied,Single-Family Detached,Central AC,Natural Gas,17138.5031142258
474076,253.90367272727272,1224.1784220779223,Single-Family Detached | cooling installed,0.2074074074074074,G0600190,Fresno County,13,Occupied,Single-Family Detached,Central AC,Natural Gas,8552.3999705764
474941,253.90367272727272,1224.1784220779223,Single-Family Detached | cooling installed,0.2074074074074074,G0600190,Fresno County,13,Occupied,Single-Family Detached,Central AC,Natural Gas,10671.596879192599
475368,253.90367272727272,1224.1784220779223,Single-Family Detached | cooling installed,0.2074074074074074,G0600190,Fresno County,13,Occupied,Single-Family Detached,Central AC,Natural Gas,16301.4921377346
475988,253.90367272727272,1218.7376290909094,Multi-Family with 5+ Units | cooling installed,0.20833333333333334,G0600190,Fresno County,13,Occupied,Multi-Family with 5+ Units,Room AC,Electricity,8132.72219805
485508,253.90367272727272,1224.1784220779223,Single-Family Detached | cooling installed,0.2074074074074074,G0600190,Fresno County,13,Occupied,Single-Family Detached,Central AC,Natural Gas,17306.1397663802
486965,253.90367272727272,1224.1784220779223,Single-Family Detached | cooling installed,0.2074074074074074,G0600190,Fresno County,13,Occupied,Single-Family Detached,Room AC,Electricity,18819.558772893
488439,253.90367272727272,1224.1784220779223,Single-Family Detached | cooling installed,0.2074074074074074,G0600190,Fresno County,13,Occupied,Single-Family Detached,Room AC,Propane,17973.462593225602
489058,253.90367272727272,1269.5183636363636,Multi-Family with 2 - 4 Units | no cooling,0.2,G0600190,Fresno County,13,Occupied,Multi-Family with 2 - 4 Units,None,Natural Gas,2736.6976535276
492065,253.90367272727272,1269.5183636363638,Multi-Family with 2 - 4 Units | cooling installed,0.2,G0600190,Fresno County,13,Occupied,Multi-Family with 2 - 4 Units,Room AC,Electricity,7858.7007474130005
495293,253.90367272727272,1239.6473433155081,Single-Family Detached | no cooling,0.20481927710843373,G0600190,Fresno County,13,Occupied,Single-Family Detached,None,Natural Gas,6374.29577685
497962,253.90367272727272,1239.6473433155081,Single-Family Detached | no cooling,0.20481927710843373,G0600190,Fresno County,13,Occupied,Single-Family Detached,None,None,5422.4009408404
498794,253.90367272727272,1218.7376290909094,Multi-Family with 5+ Units | cooling installed,0.20833333333333334,G0600190,Fresno County,13,Occupied,Multi-Family with 5+ Units,Central AC,Natural Gas,2569.6471435136004
499395,253.90367272727272,1237.7804045454543,Mobile Home | cooling installed,0.20512820512820512,G0600190,Fresno County,13,Occupied,Mobile Home,Central AC,Natural Gas,4630.52290916
503016,253.90367272727272,1218.7376290909094,Multi-Family with 5+ Units | cooling installed,0.20833333333333334,G0600190,Fresno County,13,Occupied,Multi-Family with 5+ Units,Central AC,Electricity,9195.6909696654
504405,253.90367272727272,1224.1784220779223,Single-Family Detached | cooling installed,0.2074074074074074,G0600190,Fresno County,13,Occupied,Single-Family Detached,Ducted Heat Pump,Electricity,11828.0553222018
505345,253.90367272727272,1224.1784220779223,Single-Family Detached | cooling installed,0.2074074074074074,G0600190,Fresno County,13,Occupied,Single-Family Detached,Central AC,Natural Gas,19602.058530327
506773,253.90367272727272,1269.5183636363636,Multi-Family with 2 - 4 Units | no cooling,0.2,G0600190,Fresno County,13,Occupied,Multi-Family with 2 - 4 Units,None,Natural Gas,2958.8455247392003
509237,253.90367272727272,1224.1784220779223,Single-Family Detached | cooling installed,0.2074074074074074,G0600190,Fresno County,13,Occupied,Single-Family Detached,Central AC,Natural Gas,9702.4108500412
511924,253.90367272727272,1224.1784220779223,Single-Family Detached | cooling installed,0.2074074074074074,G0600190,Fresno County,13,Occupied,Single-Family Detached,Room AC,Electricity,20661.2173780298
513615,253.90367272727272,1224.1784220779223,Single-Family Detached | cooling installed,0.2074074074074074,G0600190,Fresno County,13,Occupied,Single-Family Detached,Central AC,Natural Gas,20704.005754279
515213,253.90367272727272,1224.1784220779223,Single-Family Detached | cooling installed,0.2074074074074074,G0600190,Fresno County,13,Occupied,Single-Family Detached,Central AC,Natural Gas,16047.106448801002
523898,253.90367272727272,1224.1784220779223,Single-Family Detached | cooling installed,0.2074074074074074,G0600190,Fresno County,13,Occupied,Single-Family Detached,Central AC,Natural Gas,8648.8203526722
524121,253.90367272727272,1224.1784220779223,Single-Family Detached | cooling installed,0.2074074074074074,G0600190,Fresno County,13,Occupied,Single-Family Detached,Central AC,Natural Gas,18435.9287420012
533893,253.90367272727272,1218.7376290909094,Multi-Family with 5+ Units | cooling installed,0.20833333333333334,G0600190,Fresno County,13,Occupied,Multi-Family with 5+ Units,Ducted Heat Pump,Electricity,4038.8124184262
534264,253.90367272727272,1224.1784220779223,Single-Family Detached | cooling installed,0.2074074074074074,G0600190,Fresno County,13,Occupied,Single-Family Detached,Non-Ducted Heat Pump,Electricity,9819.346207051001
535982,253.90367272727272,1224.1784220779223,Single-Family Detached | cooling installed,0.2074074074074074,G0600190,Fresno County,13,Occupied,Single-Family Detached,Central AC,Natural Gas,16543.5688417198
536984,253.90367272727272,1218.7376290909094,Multi-Family with 5+ Units | cooling installed,0.20833333333333334,G0600190,Fresno County,13,Occupied,Multi-Family with 5+ Units,Ducted Heat Pump,Electricity,5752.1058948154
540292,253.90367272727272,1224.1784220779223,Single-Family Detached | cooling installed,0.2074074074074074,G0600190,Fresno County,13,Occupied,Single-Family Detached,Central AC,Natural Gas,9895.544685303
541135,253.90367272727272,1239.6473433155081,Single-Family Detached | no cooling,0.20481927710843373,G0600190,Fresno County,13,Occupied,Single-Family Detached,None,Electricity,6263.8079833846
544357,253.90367272727272,1224.1784220779223,Single-Family Detached | cooling installed,0.2074074074074074,G0600190,Fresno County,13,Occupied,Single-Family Detached,Central AC,Natural Gas,12892.4894491682
549810,253.90367272727272,1239.6473433155081,Single-Family Detached | no cooling,0.20481927710843373,G0600190,Fresno County,13,Occupied,Single-Family Detached,None,Electricity,15011.100215644
